plant_name,plot_name,accession_name,plot_number,block_number,is_a_control,rep_number,row_number,col_number,plant_number,branching level counting after 21 days|CO_334:0000079,number of nodes after Last branching Level,New nodes Counting after Tag,number of forks at new branching level if existing,New Branching Height if existing,plant height with leaf after 21 days in cm|CO_334:0000123,stem diameter measurement after 21 days,Branching_1-2_diameter after 21 days,Branching_2-3_diameter after 21 days,Branching_3-4_diameter after 21 days
2022-21.GS.C2.UYT.36.setA.IB-rep1-TMS14F1223P0007_101_plant_1,2022-21.GS.C2.UYT.36.setA.IB-rep1-TMS14F1223P0007_101,TMS14F1223P0007,101,1,,1,1,1,1,,,,,,,,,,
2022-21.GS.C2.UYT.36.setA.IB-rep1-TMS14F1223P0007_101_plant_2,2022-21.GS.C2.UYT.36.setA.IB-rep1-TMS14F1223P0007_101,TMS14F1223P0007,101,1,,1,1,1,2,,,,,,,,,,
2022-21.GS.C2.UYT.36.setA.IB-rep1-TMS14F1223P0007_101_plant_3,2022-21.GS.C2.UYT.36.setA.IB-rep1-TMS14F1223P0007_101,TMS14F1223P0007,101,1,,1,1,1,3,,,,,,,,,,
2022-21.GS.C2.UYT.36.setA.IB-rep1-TMS14F1223P0007_101_plant_4,2022-21.GS.C2.UYT.36.setA.IB-rep1-TMS14F1223P0007_101,TMS14F1223P0007,101,1,,1,1,1,4,,,,,,,,,,
2022-21.GS.C2.UYT.36.setA.IB-rep1-TMS14F1223P0007_101_plant_5,2022-21.GS.C2.UYT.36.setA.IB-rep1-TMS14F1223P0007_101,TMS14F1223P0007,101,1,,1,1,1,5,,,,,,,,,,
2022-21.GS.C2.UYT.36.setA.IB-rep1-TMS14F1194P0002_102_plant_1,2022-21.GS.C2.UYT.36.setA.IB-rep1-TMS14F1194P0002_102,TMS14F1194P0002,102,1,,1,1,2,1,,,,,,,,,,
2022-21.GS.C2.UYT.36.setA.IB-rep1-TMS14F1194P0002_102_plant_2,2022-21.GS.C2.UYT.36.setA.IB-rep1-TMS14F1194P0002_102,TMS14F1194P0002,102,1,,1,1,2,2,,,,,,,,,,
2022-21.GS.C2.UYT.36.setA.IB-rep1-TMS14F1194P0002_102_plant_3,2022-21.GS.C2.UYT.36.setA.IB-rep1-TMS14F1194P0002_102,TMS14F1194P0002,102,1,,1,1,2,3,,,,,,,,,,
2022-21.GS.C2.UYT.36.setA.IB-rep1-TMS14F1194P0002_102_plant_4,2022-21.GS.C2.UYT.36.setA.IB-rep1-TMS14F1194P0002_102,TMS14F1194P0002,102,1,,1,1,2,4,,,,,,,,,,
2022-21.GS.C2.UYT.36.setA.IB-rep1-TMS14F1194P0002_102_plant_5,2022-21.GS.C2.UYT.36.setA.IB-rep1-TMS14F1194P0002_102,TMS14F1194P0002,102,1,,1,1,2,5,,,,,,,,,,
2022-21.GS.C2.UYT.36.setA.IB-rep1-TMS14F1195P0005_103_plant_1,2022-21.GS.C2.UYT.36.setA.IB-rep1-TMS14F1195P0005_103,TMS14F1195P0005,103,1,,1,1,3,1,,,,,,,,,,
2022-21.GS.C2.UYT.36.setA.IB-rep1-TMS14F1195P0005_103_plant_2,2022-21.GS.C2.UYT.36.setA.IB-rep1-TMS14F1195P0005_103,TMS14F1195P0005,103,1,,1,1,3,2,,,,,,,,,,
2022-21.GS.C2.UYT.36.setA.IB-rep1-TMS14F1195P0005_103_plant_3,2022-21.GS.C2.UYT.36.setA.IB-rep1-TMS14F1195P0005_103,TMS14F1195P0005,103,1,,1,1,3,3,,,,,,,,,,
2022-21.GS.C2.UYT.36.setA.IB-rep1-TMS14F1195P0005_103_plant_4,2022-21.GS.C2.UYT.36.setA.IB-rep1-TMS14F1195P0005_103,TMS14F1195P0005,103,1,,1,1,3,4,,,,,,,,,,
2022-21.GS.C2.UYT.36.setA.IB-rep1-TMS14F1195P0005_103_plant_5,2022-21.GS.C2.UYT.36.setA.IB-rep1-TMS14F1195P0005_103,TMS14F1195P0005,103,1,,1,1,3,5,,,,,,,,,,
2022-21.GS.C2.UYT.36.setA.IB-rep1-TMS14F1303P0012_104_plant_1,2022-21.GS.C2.UYT.36.setA.IB-rep1-TMS14F1303P0012_104,TMS14F1303P0012,104,1,,1,1,4,1,,,,,,,,,,
2022-21.GS.C2.UYT.36.setA.IB-rep1-TMS14F1303P0012_104_plant_2,2022-21.GS.C2.UYT.36.setA.IB-rep1-TMS14F1303P0012_104,TMS14F1303P0012,104,1,,1,1,4,2,,,,,,,,,,
2022-21.GS.C2.UYT.36.setA.IB-rep1-TMS14F1303P0012_104_plant_3,2022-21.GS.C2.UYT.36.setA.IB-rep1-TMS14F1303P0012_104,TMS14F1303P0012,104,1,,1,1,4,3,,,,,,,,,,
2022-21.GS.C2.UYT.36.setA.IB-rep1-TMS14F1303P0012_104_plant_4,2022-21.GS.C2.UYT.36.setA.IB-rep1-TMS14F1303P0012_104,TMS14F1303P0012,104,1,,1,1,4,4,,,,,,,,,,
2022-21.GS.C2.UYT.36.setA.IB-rep1-TMS14F1303P0012_104_plant_5,2022-21.GS.C2.UYT.36.setA.IB-rep1-TMS14F1303P0012_104,TMS14F1303P0012,104,1,,1,1,4,5,,,,,,,,,,
2022-21.GS.C2.UYT.36.setA.IB-rep1-TMS13F2207P0001_105_plant_1,2022-21.GS.C2.UYT.36.setA.IB-rep1-TMS13F2207P0001_105,TMS13F2207P0001,105,1,,1,1,5,1,,,,,,,,,,
2022-21.GS.C2.UYT.36.setA.IB-rep1-TMS13F2207P0001_105_plant_2,2022-21.GS.C2.UYT.36.setA.IB-rep1-TMS13F2207P0001_105,TMS13F2207P0001,105,1,,1,1,5,2,,,,,,,,,,
2022-21.GS.C2.UYT.36.setA.IB-rep1-TMS13F2207P0001_105_plant_3,2022-21.GS.C2.UYT.36.setA.IB-rep1-TMS13F2207P0001_105,TMS13F2207P0001,105,1,,1,1,5,3,,,,,,,,,,
2022-21.GS.C2.UYT.36.setA.IB-rep1-TMS13F2207P0001_105_plant_4,2022-21.GS.C2.UYT.36.setA.IB-rep1-TMS13F2207P0001_105,TMS13F2207P0001,105,1,,1,1,5,4,,,,,,,,,,
2022-21.GS.C2.UYT.36.setA.IB-rep1-TMS13F2207P0001_105_plant_5,2022-21.GS.C2.UYT.36.setA.IB-rep1-TMS13F2207P0001_105,TMS13F2207P0001,105,1,,1,1,5,5,,,,,,,,,,
2022-21.GS.C2.UYT.36.setA.IB-rep1-TMS14F1285P0017_106_plant_1,2022-21.GS.C2.UYT.36.setA.IB-rep1-TMS14F1285P0017_106,TMS14F1285P0017,106,1,,1,1,6,1,,,,,,,,,,
2022-21.GS.C2.UYT.36.setA.IB-rep1-TMS14F1285P0017_106_plant_2,2022-21.GS.C2.UYT.36.setA.IB-rep1-TMS14F1285P0017_106,TMS14F1285P0017,106,1,,1,1,6,2,,,,,,,,,,
2022-21.GS.C2.UYT.36.setA.IB-rep1-TMS14F1285P0017_106_plant_3,2022-21.GS.C2.UYT.36.setA.IB-rep1-TMS14F1285P0017_106,TMS14F1285P0017,106,1,,1,1,6,3,,,,,,,,,,
2022-21.GS.C2.UYT.36.setA.IB-rep1-TMS14F1285P0017_106_plant_4,2022-21.GS.C2.UYT.36.setA.IB-rep1-TMS14F1285P0017_106,TMS14F1285P0017,106,1,,1,1,6,4,,,,,,,,,,
2022-21.GS.C2.UYT.36.setA.IB-rep1-TMS14F1285P0017_106_plant_5,2022-21.GS.C2.UYT.36.setA.IB-rep1-TMS14F1285P0017_106,TMS14F1285P0017,106,1,,1,1,6,5,,,,,,,,,,
2022-21.GS.C2.UYT.36.setA.IB-rep1-TMS14F1224P0004_107_plant_1,2022-21.GS.C2.UYT.36.setA.IB-rep1-TMS14F1224P0004_107,TMS14F1224P0004,107,1,,1,1,7,1,,,,,,,,,,
2022-21.GS.C2.UYT.36.setA.IB-rep1-TMS14F1224P0004_107_plant_2,2022-21.GS.C2.UYT.36.setA.IB-rep1-TMS14F1224P0004_107,TMS14F1224P0004,107,1,,1,1,7,2,,,,,,,,,,
2022-21.GS.C2.UYT.36.setA.IB-rep1-TMS14F1224P0004_107_plant_3,2022-21.GS.C2.UYT.36.setA.IB-rep1-TMS14F1224P0004_107,TMS14F1224P0004,107,1,,1,1,7,3,,,,,,,,,,
2022-21.GS.C2.UYT.36.setA.IB-rep1-TMS14F1224P0004_107_plant_4,2022-21.GS.C2.UYT.36.setA.IB-rep1-TMS14F1224P0004_107,TMS14F1224P0004,107,1,,1,1,7,4,,,,,,,,,,
2022-21.GS.C2.UYT.36.setA.IB-rep1-TMS14F1224P0004_107_plant_5,2022-21.GS.C2.UYT.36.setA.IB-rep1-TMS14F1224P0004_107,TMS14F1224P0004,107,1,,1,1,7,5,,,,,,,,,,
2022-21.GS.C2.UYT.36.setA.IB-rep1-IITA-TMS-IBA980581_108_plant_1,2022-21.GS.C2.UYT.36.setA.IB-rep1-IITA-TMS-IBA980581_108,IITA-TMS-IBA980581,108,1,1,1,1,8,1,,,,,,,,,,
2022-21.GS.C2.UYT.36.setA.IB-rep1-IITA-TMS-IBA980581_108_plant_2,2022-21.GS.C2.UYT.36.setA.IB-rep1-IITA-TMS-IBA980581_108,IITA-TMS-IBA980581,108,1,1,1,1,8,2,,,,,,,,,,
2022-21.GS.C2.UYT.36.setA.IB-rep1-IITA-TMS-IBA980581_108_plant_3,2022-21.GS.C2.UYT.36.setA.IB-rep1-IITA-TMS-IBA980581_108,IITA-TMS-IBA980581,108,1,1,1,1,8,3,,,,,,,,,,
2022-21.GS.C2.UYT.36.setA.IB-rep1-IITA-TMS-IBA980581_108_plant_4,2022-21.GS.C2.UYT.36.setA.IB-rep1-IITA-TMS-IBA980581_108,IITA-TMS-IBA980581,108,1,1,1,1,8,4,,,,,,,,,,
2022-21.GS.C2.UYT.36.setA.IB-rep1-IITA-TMS-IBA980581_108_plant_5,2022-21.GS.C2.UYT.36.setA.IB-rep1-IITA-TMS-IBA980581_108,IITA-TMS-IBA980581,108,1,1,1,1,8,5,,,,,,,,,,
2022-21.GS.C2.UYT.36.setA.IB-rep1-TMS14F1016P0006_109_plant_1,2022-21.GS.C2.UYT.36.setA.IB-rep1-TMS14F1016P0006_109,TMS14F1016P0006,109,1,,1,1,9,1,,,,,,,,,,
2022-21.GS.C2.UYT.36.setA.IB-rep1-TMS14F1016P0006_109_plant_2,2022-21.GS.C2.UYT.36.setA.IB-rep1-TMS14F1016P0006_109,TMS14F1016P0006,109,1,,1,1,9,2,,,,,,,,,,
2022-21.GS.C2.UYT.36.setA.IB-rep1-TMS14F1016P0006_109_plant_3,2022-21.GS.C2.UYT.36.setA.IB-rep1-TMS14F1016P0006_109,TMS14F1016P0006,109,1,,1,1,9,3,,,,,,,,,,
2022-21.GS.C2.UYT.36.setA.IB-rep1-TMS14F1016P0006_109_plant_4,2022-21.GS.C2.UYT.36.setA.IB-rep1-TMS14F1016P0006_109,TMS14F1016P0006,109,1,,1,1,9,4,,,,,,,,,,
2022-21.GS.C2.UYT.36.setA.IB-rep1-TMS14F1016P0006_109_plant_5,2022-21.GS.C2.UYT.36.setA.IB-rep1-TMS14F1016P0006_109,TMS14F1016P0006,109,1,,1,1,9,5,,,,,,,,,,
2022-21.GS.C2.UYT.36.setA.IB-rep1-TMS14F1300P0008_110_plant_1,2022-21.GS.C2.UYT.36.setA.IB-rep1-TMS14F1300P0008_110,TMS14F1300P0008,110,1,,1,2,9,1,,,,,,,,,,
2022-21.GS.C2.UYT.36.setA.IB-rep1-TMS14F1300P0008_110_plant_2,2022-21.GS.C2.UYT.36.setA.IB-rep1-TMS14F1300P0008_110,TMS14F1300P0008,110,1,,1,2,9,2,,,,,,,,,,
2022-21.GS.C2.UYT.36.setA.IB-rep1-TMS14F1300P0008_110_plant_3,2022-21.GS.C2.UYT.36.setA.IB-rep1-TMS14F1300P0008_110,TMS14F1300P0008,110,1,,1,2,9,3,,,,,,,,,,
2022-21.GS.C2.UYT.36.setA.IB-rep1-TMS14F1300P0008_110_plant_4,2022-21.GS.C2.UYT.36.setA.IB-rep1-TMS14F1300P0008_110,TMS14F1300P0008,110,1,,1,2,9,4,,,,,,,,,,
2022-21.GS.C2.UYT.36.setA.IB-rep1-TMS14F1300P0008_110_plant_5,2022-21.GS.C2.UYT.36.setA.IB-rep1-TMS14F1300P0008_110,TMS14F1300P0008,110,1,,1,2,9,5,,,,,,,,,,
2022-21.GS.C2.UYT.36.setA.IB-rep1-TMS13F2061P0005_111_plant_1,2022-21.GS.C2.UYT.36.setA.IB-rep1-TMS13F2061P0005_111,TMS13F2061P0005,111,1,,1,2,8,1,,,,,,,,,,
2022-21.GS.C2.UYT.36.setA.IB-rep1-TMS13F2061P0005_111_plant_2,2022-21.GS.C2.UYT.36.setA.IB-rep1-TMS13F2061P0005_111,TMS13F2061P0005,111,1,,1,2,8,2,,,,,,,,,,
2022-21.GS.C2.UYT.36.setA.IB-rep1-TMS13F2061P0005_111_plant_3,2022-21.GS.C2.UYT.36.setA.IB-rep1-TMS13F2061P0005_111,TMS13F2061P0005,111,1,,1,2,8,3,,,,,,,,,,
2022-21.GS.C2.UYT.36.setA.IB-rep1-TMS13F2061P0005_111_plant_4,2022-21.GS.C2.UYT.36.setA.IB-rep1-TMS13F2061P0005_111,TMS13F2061P0005,111,1,,1,2,8,4,,,,,,,,,,
2022-21.GS.C2.UYT.36.setA.IB-rep1-TMS13F2061P0005_111_plant_5,2022-21.GS.C2.UYT.36.setA.IB-rep1-TMS13F2061P0005_111,TMS13F2061P0005,111,1,,1,2,8,5,,,,,,,,,,
2022-21.GS.C2.UYT.36.setA.IB-rep1-TMS13F1461P0002_112_plant_1,2022-21.GS.C2.UYT.36.setA.IB-rep1-TMS13F1461P0002_112,TMS13F1461P0002,112,1,,1,2,7,1,,,,,,,,,,
2022-21.GS.C2.UYT.36.setA.IB-rep1-TMS13F1461P0002_112_plant_2,2022-21.GS.C2.UYT.36.setA.IB-rep1-TMS13F1461P0002_112,TMS13F1461P0002,112,1,,1,2,7,2,,,,,,,,,,
2022-21.GS.C2.UYT.36.setA.IB-rep1-TMS13F1461P0002_112_plant_3,2022-21.GS.C2.UYT.36.setA.IB-rep1-TMS13F1461P0002_112,TMS13F1461P0002,112,1,,1,2,7,3,,,,,,,,,,
2022-21.GS.C2.UYT.36.setA.IB-rep1-TMS13F1461P0002_112_plant_4,2022-21.GS.C2.UYT.36.setA.IB-rep1-TMS13F1461P0002_112,TMS13F1461P0002,112,1,,1,2,7,4,,,,,,,,,,
2022-21.GS.C2.UYT.36.setA.IB-rep1-TMS13F1461P0002_112_plant_5,2022-21.GS.C2.UYT.36.setA.IB-rep1-TMS13F1461P0002_112,TMS13F1461P0002,112,1,,1,2,7,5,,,,,,,,,,
2022-21.GS.C2.UYT.36.setA.IB-rep1-TMS14F1001P0004_113_plant_1,2022-21.GS.C2.UYT.36.setA.IB-rep1-TMS14F1001P0004_113,TMS14F1001P0004,113,2,,1,2,6,1,,,,,,,,,,
2022-21.GS.C2.UYT.36.setA.IB-rep1-TMS14F1001P0004_113_plant_2,2022-21.GS.C2.UYT.36.setA.IB-rep1-TMS14F1001P0004_113,TMS14F1001P0004,113,2,,1,2,6,2,,,,,,,,,,
2022-21.GS.C2.UYT.36.setA.IB-rep1-TMS14F1001P0004_113_plant_3,2022-21.GS.C2.UYT.36.setA.IB-rep1-TMS14F1001P0004_113,TMS14F1001P0004,113,2,,1,2,6,3,,,,,,,,,,
2022-21.GS.C2.UYT.36.setA.IB-rep1-TMS14F1001P0004_113_plant_4,2022-21.GS.C2.UYT.36.setA.IB-rep1-TMS14F1001P0004_113,TMS14F1001P0004,113,2,,1,2,6,4,,,,,,,,,,
2022-21.GS.C2.UYT.36.setA.IB-rep1-TMS14F1001P0004_113_plant_5,2022-21.GS.C2.UYT.36.setA.IB-rep1-TMS14F1001P0004_113,TMS14F1001P0004,113,2,,1,2,6,5,,,,,,,,,,
2022-21.GS.C2.UYT.36.setA.IB-rep1-TMS14F1049P0001_114_plant_1,2022-21.GS.C2.UYT.36.setA.IB-rep1-TMS14F1049P0001_114,TMS14F1049P0001,114,2,,1,2,5,1,,,,,,,,,,
2022-21.GS.C2.UYT.36.setA.IB-rep1-TMS14F1049P0001_114_plant_2,2022-21.GS.C2.UYT.36.setA.IB-rep1-TMS14F1049P0001_114,TMS14F1049P0001,114,2,,1,2,5,2,,,,,,,,,,
2022-21.GS.C2.UYT.36.setA.IB-rep1-TMS14F1049P0001_114_plant_3,2022-21.GS.C2.UYT.36.setA.IB-rep1-TMS14F1049P0001_114,TMS14F1049P0001,114,2,,1,2,5,3,,,,,,,,,,
2022-21.GS.C2.UYT.36.setA.IB-rep1-TMS14F1049P0001_114_plant_4,2022-21.GS.C2.UYT.36.setA.IB-rep1-TMS14F1049P0001_114,TMS14F1049P0001,114,2,,1,2,5,4,,,,,,,,,,
2022-21.GS.C2.UYT.36.setA.IB-rep1-TMS14F1049P0001_114_plant_5,2022-21.GS.C2.UYT.36.setA.IB-rep1-TMS14F1049P0001_114,TMS14F1049P0001,114,2,,1,2,5,5,,,,,,,,,,
2022-21.GS.C2.UYT.36.setA.IB-rep1-TMS14F1022P0006_115_plant_1,2022-21.GS.C2.UYT.36.setA.IB-rep1-TMS14F1022P0006_115,TMS14F1022P0006,115,2,,1,2,4,1,,,,,,,,,,
2022-21.GS.C2.UYT.36.setA.IB-rep1-TMS14F1022P0006_115_plant_2,2022-21.GS.C2.UYT.36.setA.IB-rep1-TMS14F1022P0006_115,TMS14F1022P0006,115,2,,1,2,4,2,,,,,,,,,,
2022-21.GS.C2.UYT.36.setA.IB-rep1-TMS14F1022P0006_115_plant_3,2022-21.GS.C2.UYT.36.setA.IB-rep1-TMS14F1022P0006_115,TMS14F1022P0006,115,2,,1,2,4,3,,,,,,,,,,
2022-21.GS.C2.UYT.36.setA.IB-rep1-TMS14F1022P0006_115_plant_4,2022-21.GS.C2.UYT.36.setA.IB-rep1-TMS14F1022P0006_115,TMS14F1022P0006,115,2,,1,2,4,4,,,,,,,,,,
2022-21.GS.C2.UYT.36.setA.IB-rep1-TMS14F1022P0006_115_plant_5,2022-21.GS.C2.UYT.36.setA.IB-rep1-TMS14F1022P0006_115,TMS14F1022P0006,115,2,,1,2,4,5,,,,,,,,,,
2022-21.GS.C2.UYT.36.setA.IB-rep1-TMS14F1262P0002_116_plant_1,2022-21.GS.C2.UYT.36.setA.IB-rep1-TMS14F1262P0002_116,TMS14F1262P0002,116,2,,1,2,3,1,,,,,,,,,,
2022-21.GS.C2.UYT.36.setA.IB-rep1-TMS14F1262P0002_116_plant_2,2022-21.GS.C2.UYT.36.setA.IB-rep1-TMS14F1262P0002_116,TMS14F1262P0002,116,2,,1,2,3,2,,,,,,,,,,
2022-21.GS.C2.UYT.36.setA.IB-rep1-TMS14F1262P0002_116_plant_3,2022-21.GS.C2.UYT.36.setA.IB-rep1-TMS14F1262P0002_116,TMS14F1262P0002,116,2,,1,2,3,3,,,,,,,,,,
2022-21.GS.C2.UYT.36.setA.IB-rep1-TMS14F1262P0002_116_plant_4,2022-21.GS.C2.UYT.36.setA.IB-rep1-TMS14F1262P0002_116,TMS14F1262P0002,116,2,,1,2,3,4,,,,,,,,,,
2022-21.GS.C2.UYT.36.setA.IB-rep1-TMS14F1262P0002_116_plant_5,2022-21.GS.C2.UYT.36.setA.IB-rep1-TMS14F1262P0002_116,TMS14F1262P0002,116,2,,1,2,3,5,,,,,,,,,,
2022-21.GS.C2.UYT.36.setA.IB-rep1-TMS14F1297P0019_117_plant_1,2022-21.GS.C2.UYT.36.setA.IB-rep1-TMS14F1297P0019_117,TMS14F1297P0019,117,2,,1,2,2,1,,,,,,,,,,
2022-21.GS.C2.UYT.36.setA.IB-rep1-TMS14F1297P0019_117_plant_2,2022-21.GS.C2.UYT.36.setA.IB-rep1-TMS14F1297P0019_117,TMS14F1297P0019,117,2,,1,2,2,2,,,,,,,,,,
2022-21.GS.C2.UYT.36.setA.IB-rep1-TMS14F1297P0019_117_plant_3,2022-21.GS.C2.UYT.36.setA.IB-rep1-TMS14F1297P0019_117,TMS14F1297P0019,117,2,,1,2,2,3,,,,,,,,,,
2022-21.GS.C2.UYT.36.setA.IB-rep1-TMS14F1297P0019_117_plant_4,2022-21.GS.C2.UYT.36.setA.IB-rep1-TMS14F1297P0019_117,TMS14F1297P0019,117,2,,1,2,2,4,,,,,,,,,,
2022-21.GS.C2.UYT.36.setA.IB-rep1-TMS14F1297P0019_117_plant_5,2022-21.GS.C2.UYT.36.setA.IB-rep1-TMS14F1297P0019_117,TMS14F1297P0019,117,2,,1,2,2,5,,,,,,,,,,
2022-21.GS.C2.UYT.36.setA.IB-rep1-TMS14F1131P0001_118_plant_1,2022-21.GS.C2.UYT.36.setA.IB-rep1-TMS14F1131P0001_118,TMS14F1131P0001,118,2,,1,2,1,1,,,,,,,,,,
2022-21.GS.C2.UYT.36.setA.IB-rep1-TMS14F1131P0001_118_plant_2,2022-21.GS.C2.UYT.36.setA.IB-rep1-TMS14F1131P0001_118,TMS14F1131P0001,118,2,,1,2,1,2,,,,,,,,,,
2022-21.GS.C2.UYT.36.setA.IB-rep1-TMS14F1131P0001_118_plant_3,2022-21.GS.C2.UYT.36.setA.IB-rep1-TMS14F1131P0001_118,TMS14F1131P0001,118,2,,1,2,1,3,,,,,,,,,,
2022-21.GS.C2.UYT.36.setA.IB-rep1-TMS14F1131P0001_118_plant_4,2022-21.GS.C2.UYT.36.setA.IB-rep1-TMS14F1131P0001_118,TMS14F1131P0001,118,2,,1,2,1,4,,,,,,,,,,
2022-21.GS.C2.UYT.36.setA.IB-rep1-TMS14F1131P0001_118_plant_5,2022-21.GS.C2.UYT.36.setA.IB-rep1-TMS14F1131P0001_118,TMS14F1131P0001,118,2,,1,2,1,5,,,,,,,,,,
2022-21.GS.C2.UYT.36.setA.IB-rep1-IITA-TMS-IBA000070_119_plant_1,2022-21.GS.C2.UYT.36.setA.IB-rep1-IITA-TMS-IBA000070_119,IITA-TMS-IBA000070,119,2,1,1,3,1,1,,,,,,,,,,
2022-21.GS.C2.UYT.36.setA.IB-rep1-IITA-TMS-IBA000070_119_plant_2,2022-21.GS.C2.UYT.36.setA.IB-rep1-IITA-TMS-IBA000070_119,IITA-TMS-IBA000070,119,2,1,1,3,1,2,,,,,,,,,,
2022-21.GS.C2.UYT.36.setA.IB-rep1-IITA-TMS-IBA000070_119_plant_3,2022-21.GS.C2.UYT.36.setA.IB-rep1-IITA-TMS-IBA000070_119,IITA-TMS-IBA000070,119,2,1,1,3,1,3,,,,,,,,,,
2022-21.GS.C2.UYT.36.setA.IB-rep1-IITA-TMS-IBA000070_119_plant_4,2022-21.GS.C2.UYT.36.setA.IB-rep1-IITA-TMS-IBA000070_119,IITA-TMS-IBA000070,119,2,1,1,3,1,4,,,,,,,,,,
2022-21.GS.C2.UYT.36.setA.IB-rep1-IITA-TMS-IBA000070_119_plant_5,2022-21.GS.C2.UYT.36.setA.IB-rep1-IITA-TMS-IBA000070_119,IITA-TMS-IBA000070,119,2,1,1,3,1,5,,,,,,,,,,
2022-21.GS.C2.UYT.36.setA.IB-rep1-IITA-TMS-IBA982101_120_plant_1,2022-21.GS.C2.UYT.36.setA.IB-rep1-IITA-TMS-IBA982101_120,IITA-TMS-IBA982101,120,2,1,1,3,2,1,,,,,,,,,,
2022-21.GS.C2.UYT.36.setA.IB-rep1-IITA-TMS-IBA982101_120_plant_2,2022-21.GS.C2.UYT.36.setA.IB-rep1-IITA-TMS-IBA982101_120,IITA-TMS-IBA982101,120,2,1,1,3,2,2,,,,,,,,,,
2022-21.GS.C2.UYT.36.setA.IB-rep1-IITA-TMS-IBA982101_120_plant_3,2022-21.GS.C2.UYT.36.setA.IB-rep1-IITA-TMS-IBA982101_120,IITA-TMS-IBA982101,120,2,1,1,3,2,3,,,,,,,,,,
2022-21.GS.C2.UYT.36.setA.IB-rep1-IITA-TMS-IBA982101_120_plant_4,2022-21.GS.C2.UYT.36.setA.IB-rep1-IITA-TMS-IBA982101_120,IITA-TMS-IBA982101,120,2,1,1,3,2,4,,,,,,,,,,
2022-21.GS.C2.UYT.36.setA.IB-rep1-IITA-TMS-IBA982101_120_plant_5,2022-21.GS.C2.UYT.36.setA.IB-rep1-IITA-TMS-IBA982101_120,IITA-TMS-IBA982101,120,2,1,1,3,2,5,,,,,,,,,,
2022-21.GS.C2.UYT.36.setA.IB-rep1-IITA-TMS-IBA30572_121_plant_1,2022-21.GS.C2.UYT.36.setA.IB-rep1-IITA-TMS-IBA30572_121,IITA-TMS-IBA30572,121,2,1,1,3,3,1,,,,,,,,,,
2022-21.GS.C2.UYT.36.setA.IB-rep1-IITA-TMS-IBA30572_121_plant_2,2022-21.GS.C2.UYT.36.setA.IB-rep1-IITA-TMS-IBA30572_121,IITA-TMS-IBA30572,121,2,1,1,3,3,2,,,,,,,,,,
2022-21.GS.C2.UYT.36.setA.IB-rep1-IITA-TMS-IBA30572_121_plant_3,2022-21.GS.C2.UYT.36.setA.IB-rep1-IITA-TMS-IBA30572_121,IITA-TMS-IBA30572,121,2,1,1,3,3,3,,,,,,,,,,
2022-21.GS.C2.UYT.36.setA.IB-rep1-IITA-TMS-IBA30572_121_plant_4,2022-21.GS.C2.UYT.36.setA.IB-rep1-IITA-TMS-IBA30572_121,IITA-TMS-IBA30572,121,2,1,1,3,3,4,,,,,,,,,,
2022-21.GS.C2.UYT.36.setA.IB-rep1-IITA-TMS-IBA30572_121_plant_5,2022-21.GS.C2.UYT.36.setA.IB-rep1-IITA-TMS-IBA30572_121,IITA-TMS-IBA30572,121,2,1,1,3,3,5,,,,,,,,,,
2022-21.GS.C2.UYT.36.setA.IB-rep1-TMS13F1114P0001_122_plant_1,2022-21.GS.C2.UYT.36.setA.IB-rep1-TMS13F1114P0001_122,TMS13F1114P0001,122,2,,1,3,4,1,,,,,,,,,,
2022-21.GS.C2.UYT.36.setA.IB-rep1-TMS13F1114P0001_122_plant_2,2022-21.GS.C2.UYT.36.setA.IB-rep1-TMS13F1114P0001_122,TMS13F1114P0001,122,2,,1,3,4,2,,,,,,,,,,
2022-21.GS.C2.UYT.36.setA.IB-rep1-TMS13F1114P0001_122_plant_3,2022-21.GS.C2.UYT.36.setA.IB-rep1-TMS13F1114P0001_122,TMS13F1114P0001,122,2,,1,3,4,3,,,,,,,,,,
2022-21.GS.C2.UYT.36.setA.IB-rep1-TMS13F1114P0001_122_plant_4,2022-21.GS.C2.UYT.36.setA.IB-rep1-TMS13F1114P0001_122,TMS13F1114P0001,122,2,,1,3,4,4,,,,,,,,,,
2022-21.GS.C2.UYT.36.setA.IB-rep1-TMS13F1114P0001_122_plant_5,2022-21.GS.C2.UYT.36.setA.IB-rep1-TMS13F1114P0001_122,TMS13F1114P0001,122,2,,1,3,4,5,,,,,,,,,,
2022-21.GS.C2.UYT.36.setA.IB-rep1-TMEB419_123_plant_1,2022-21.GS.C2.UYT.36.setA.IB-rep1-TMEB419_123,TMEB419,123,2,1,1,3,5,1,,,,,,,,,,
2022-21.GS.C2.UYT.36.setA.IB-rep1-TMEB419_123_plant_2,2022-21.GS.C2.UYT.36.setA.IB-rep1-TMEB419_123,TMEB419,123,2,1,1,3,5,2,,,,,,,,,,
2022-21.GS.C2.UYT.36.setA.IB-rep1-TMEB419_123_plant_3,2022-21.GS.C2.UYT.36.setA.IB-rep1-TMEB419_123,TMEB419,123,2,1,1,3,5,3,,,,,,,,,,
2022-21.GS.C2.UYT.36.setA.IB-rep1-TMEB419_123_plant_4,2022-21.GS.C2.UYT.36.setA.IB-rep1-TMEB419_123,TMEB419,123,2,1,1,3,5,4,,,,,,,,,,
2022-21.GS.C2.UYT.36.setA.IB-rep1-TMEB419_123_plant_5,2022-21.GS.C2.UYT.36.setA.IB-rep1-TMEB419_123,TMEB419,123,2,1,1,3,5,5,,,,,,,,,,
2022-21.GS.C2.UYT.36.setA.IB-rep1-TMS14F1036P0007_124_plant_1,2022-21.GS.C2.UYT.36.setA.IB-rep1-TMS14F1036P0007_124,TMS14F1036P0007,124,2,,1,3,6,1,,,,,,,,,,
2022-21.GS.C2.UYT.36.setA.IB-rep1-TMS14F1036P0007_124_plant_2,2022-21.GS.C2.UYT.36.setA.IB-rep1-TMS14F1036P0007_124,TMS14F1036P0007,124,2,,1,3,6,2,,,,,,,,,,
2022-21.GS.C2.UYT.36.setA.IB-rep1-TMS14F1036P0007_124_plant_3,2022-21.GS.C2.UYT.36.setA.IB-rep1-TMS14F1036P0007_124,TMS14F1036P0007,124,2,,1,3,6,3,,,,,,,,,,
2022-21.GS.C2.UYT.36.setA.IB-rep1-TMS14F1036P0007_124_plant_4,2022-21.GS.C2.UYT.36.setA.IB-rep1-TMS14F1036P0007_124,TMS14F1036P0007,124,2,,1,3,6,4,,,,,,,,,,
2022-21.GS.C2.UYT.36.setA.IB-rep1-TMS14F1036P0007_124_plant_5,2022-21.GS.C2.UYT.36.setA.IB-rep1-TMS14F1036P0007_124,TMS14F1036P0007,124,2,,1,3,6,5,,,,,,,,,,
2022-21.GS.C2.UYT.36.setA.IB-rep1-TMS14F1312P0003_125_plant_1,2022-21.GS.C2.UYT.36.setA.IB-rep1-TMS14F1312P0003_125,TMS14F1312P0003,125,3,,1,3,7,1,,,,,,,,,,
2022-21.GS.C2.UYT.36.setA.IB-rep1-TMS14F1312P0003_125_plant_2,2022-21.GS.C2.UYT.36.setA.IB-rep1-TMS14F1312P0003_125,TMS14F1312P0003,125,3,,1,3,7,2,,,,,,,,,,
2022-21.GS.C2.UYT.36.setA.IB-rep1-TMS14F1312P0003_125_plant_3,2022-21.GS.C2.UYT.36.setA.IB-rep1-TMS14F1312P0003_125,TMS14F1312P0003,125,3,,1,3,7,3,,,,,,,,,,
2022-21.GS.C2.UYT.36.setA.IB-rep1-TMS14F1312P0003_125_plant_4,2022-21.GS.C2.UYT.36.setA.IB-rep1-TMS14F1312P0003_125,TMS14F1312P0003,125,3,,1,3,7,4,,,,,,,,,,
2022-21.GS.C2.UYT.36.setA.IB-rep1-TMS14F1312P0003_125_plant_5,2022-21.GS.C2.UYT.36.setA.IB-rep1-TMS14F1312P0003_125,TMS14F1312P0003,125,3,,1,3,7,5,,,,,,,,,,
2022-21.GS.C2.UYT.36.setA.IB-rep1-TMS14F1035P0004_126_plant_1,2022-21.GS.C2.UYT.36.setA.IB-rep1-TMS14F1035P0004_126,TMS14F1035P0004,126,3,,1,3,8,1,,,,,,,,,,
2022-21.GS.C2.UYT.36.setA.IB-rep1-TMS14F1035P0004_126_plant_2,2022-21.GS.C2.UYT.36.setA.IB-rep1-TMS14F1035P0004_126,TMS14F1035P0004,126,3,,1,3,8,2,,,,,,,,,,
2022-21.GS.C2.UYT.36.setA.IB-rep1-TMS14F1035P0004_126_plant_3,2022-21.GS.C2.UYT.36.setA.IB-rep1-TMS14F1035P0004_126,TMS14F1035P0004,126,3,,1,3,8,3,,,,,,,,,,
2022-21.GS.C2.UYT.36.setA.IB-rep1-TMS14F1035P0004_126_plant_4,2022-21.GS.C2.UYT.36.setA.IB-rep1-TMS14F1035P0004_126,TMS14F1035P0004,126,3,,1,3,8,4,,,,,,,,,,
2022-21.GS.C2.UYT.36.setA.IB-rep1-TMS14F1035P0004_126_plant_5,2022-21.GS.C2.UYT.36.setA.IB-rep1-TMS14F1035P0004_126,TMS14F1035P0004,126,3,,1,3,8,5,,,,,,,,,,
2022-21.GS.C2.UYT.36.setA.IB-rep1-TMS14F1120P0003_127_plant_1,2022-21.GS.C2.UYT.36.setA.IB-rep1-TMS14F1120P0003_127,TMS14F1120P0003,127,3,,1,3,9,1,,,,,,,,,,
2022-21.GS.C2.UYT.36.setA.IB-rep1-TMS14F1120P0003_127_plant_2,2022-21.GS.C2.UYT.36.setA.IB-rep1-TMS14F1120P0003_127,TMS14F1120P0003,127,3,,1,3,9,2,,,,,,,,,,
2022-21.GS.C2.UYT.36.setA.IB-rep1-TMS14F1120P0003_127_plant_3,2022-21.GS.C2.UYT.36.setA.IB-rep1-TMS14F1120P0003_127,TMS14F1120P0003,127,3,,1,3,9,3,,,,,,,,,,
2022-21.GS.C2.UYT.36.setA.IB-rep1-TMS14F1120P0003_127_plant_4,2022-21.GS.C2.UYT.36.setA.IB-rep1-TMS14F1120P0003_127,TMS14F1120P0003,127,3,,1,3,9,4,,,,,,,,,,
2022-21.GS.C2.UYT.36.setA.IB-rep1-TMS14F1120P0003_127_plant_5,2022-21.GS.C2.UYT.36.setA.IB-rep1-TMS14F1120P0003_127,TMS14F1120P0003,127,3,,1,3,9,5,,,,,,,,,,
2022-21.GS.C2.UYT.36.setA.IB-rep1-TMS14F1306P0015_128_plant_1,2022-21.GS.C2.UYT.36.setA.IB-rep1-TMS14F1306P0015_128,TMS14F1306P0015,128,3,,1,4,9,1,,,,,,,,,,
2022-21.GS.C2.UYT.36.setA.IB-rep1-TMS14F1306P0015_128_plant_2,2022-21.GS.C2.UYT.36.setA.IB-rep1-TMS14F1306P0015_128,TMS14F1306P0015,128,3,,1,4,9,2,,,,,,,,,,
2022-21.GS.C2.UYT.36.setA.IB-rep1-TMS14F1306P0015_128_plant_3,2022-21.GS.C2.UYT.36.setA.IB-rep1-TMS14F1306P0015_128,TMS14F1306P0015,128,3,,1,4,9,3,,,,,,,,,,
2022-21.GS.C2.UYT.36.setA.IB-rep1-TMS14F1306P0015_128_plant_4,2022-21.GS.C2.UYT.36.setA.IB-rep1-TMS14F1306P0015_128,TMS14F1306P0015,128,3,,1,4,9,4,,,,,,,,,,
2022-21.GS.C2.UYT.36.setA.IB-rep1-TMS14F1306P0015_128_plant_5,2022-21.GS.C2.UYT.36.setA.IB-rep1-TMS14F1306P0015_128,TMS14F1306P0015,128,3,,1,4,9,5,,,,,,,,,,
2022-21.GS.C2.UYT.36.setA.IB-rep1-TMS14F1306P0020_129_plant_1,2022-21.GS.C2.UYT.36.setA.IB-rep1-TMS14F1306P0020_129,TMS14F1306P0020,129,3,,1,4,8,1,,,,,,,,,,
2022-21.GS.C2.UYT.36.setA.IB-rep1-TMS14F1306P0020_129_plant_2,2022-21.GS.C2.UYT.36.setA.IB-rep1-TMS14F1306P0020_129,TMS14F1306P0020,129,3,,1,4,8,2,,,,,,,,,,
2022-21.GS.C2.UYT.36.setA.IB-rep1-TMS14F1306P0020_129_plant_3,2022-21.GS.C2.UYT.36.setA.IB-rep1-TMS14F1306P0020_129,TMS14F1306P0020,129,3,,1,4,8,3,,,,,,,,,,
2022-21.GS.C2.UYT.36.setA.IB-rep1-TMS14F1306P0020_129_plant_4,2022-21.GS.C2.UYT.36.setA.IB-rep1-TMS14F1306P0020_129,TMS14F1306P0020,129,3,,1,4,8,4,,,,,,,,,,
2022-21.GS.C2.UYT.36.setA.IB-rep1-TMS14F1306P0020_129_plant_5,2022-21.GS.C2.UYT.36.setA.IB-rep1-TMS14F1306P0020_129,TMS14F1306P0020,129,3,,1,4,8,5,,,,,,,,,,
2022-21.GS.C2.UYT.36.setA.IB-rep1-TMS13F1021P0008_130_plant_1,2022-21.GS.C2.UYT.36.setA.IB-rep1-TMS13F1021P0008_130,TMS13F1021P0008,130,3,,1,4,7,1,,,,,,,,,,
2022-21.GS.C2.UYT.36.setA.IB-rep1-TMS13F1021P0008_130_plant_2,2022-21.GS.C2.UYT.36.setA.IB-rep1-TMS13F1021P0008_130,TMS13F1021P0008,130,3,,1,4,7,2,,,,,,,,,,
2022-21.GS.C2.UYT.36.setA.IB-rep1-TMS13F1021P0008_130_plant_3,2022-21.GS.C2.UYT.36.setA.IB-rep1-TMS13F1021P0008_130,TMS13F1021P0008,130,3,,1,4,7,3,,,,,,,,,,
2022-21.GS.C2.UYT.36.setA.IB-rep1-TMS13F1021P0008_130_plant_4,2022-21.GS.C2.UYT.36.setA.IB-rep1-TMS13F1021P0008_130,TMS13F1021P0008,130,3,,1,4,7,4,,,,,,,,,,
2022-21.GS.C2.UYT.36.setA.IB-rep1-TMS13F1021P0008_130_plant_5,2022-21.GS.C2.UYT.36.setA.IB-rep1-TMS13F1021P0008_130,TMS13F1021P0008,130,3,,1,4,7,5,,,,,,,,,,
2022-21.GS.C2.UYT.36.setA.IB-rep1-TMS13F1182P0002_131_plant_1,2022-21.GS.C2.UYT.36.setA.IB-rep1-TMS13F1182P0002_131,TMS13F1182P0002,131,3,,1,4,6,1,,,,,,,,,,
2022-21.GS.C2.UYT.36.setA.IB-rep1-TMS13F1182P0002_131_plant_2,2022-21.GS.C2.UYT.36.setA.IB-rep1-TMS13F1182P0002_131,TMS13F1182P0002,131,3,,1,4,6,2,,,,,,,,,,
2022-21.GS.C2.UYT.36.setA.IB-rep1-TMS13F1182P0002_131_plant_3,2022-21.GS.C2.UYT.36.setA.IB-rep1-TMS13F1182P0002_131,TMS13F1182P0002,131,3,,1,4,6,3,,,,,,,,,,
2022-21.GS.C2.UYT.36.setA.IB-rep1-TMS13F1182P0002_131_plant_4,2022-21.GS.C2.UYT.36.setA.IB-rep1-TMS13F1182P0002_131,TMS13F1182P0002,131,3,,1,4,6,4,,,,,,,,,,
2022-21.GS.C2.UYT.36.setA.IB-rep1-TMS13F1182P0002_131_plant_5,2022-21.GS.C2.UYT.36.setA.IB-rep1-TMS13F1182P0002_131,TMS13F1182P0002,131,3,,1,4,6,5,,,,,,,,,,
2022-21.GS.C2.UYT.36.setA.IB-rep1-TMS14F1035P0007_132_plant_1,2022-21.GS.C2.UYT.36.setA.IB-rep1-TMS14F1035P0007_132,TMS14F1035P0007,132,3,,1,4,5,1,,,,,,,,,,
2022-21.GS.C2.UYT.36.setA.IB-rep1-TMS14F1035P0007_132_plant_2,2022-21.GS.C2.UYT.36.setA.IB-rep1-TMS14F1035P0007_132,TMS14F1035P0007,132,3,,1,4,5,2,,,,,,,,,,
2022-21.GS.C2.UYT.36.setA.IB-rep1-TMS14F1035P0007_132_plant_3,2022-21.GS.C2.UYT.36.setA.IB-rep1-TMS14F1035P0007_132,TMS14F1035P0007,132,3,,1,4,5,3,,,,,,,,,,
2022-21.GS.C2.UYT.36.setA.IB-rep1-TMS14F1035P0007_132_plant_4,2022-21.GS.C2.UYT.36.setA.IB-rep1-TMS14F1035P0007_132,TMS14F1035P0007,132,3,,1,4,5,4,,,,,,,,,,
2022-21.GS.C2.UYT.36.setA.IB-rep1-TMS14F1035P0007_132_plant_5,2022-21.GS.C2.UYT.36.setA.IB-rep1-TMS14F1035P0007_132,TMS14F1035P0007,132,3,,1,4,5,5,,,,,,,,,,
2022-21.GS.C2.UYT.36.setA.IB-rep1-TMS14F1310P0004_133_plant_1,2022-21.GS.C2.UYT.36.setA.IB-rep1-TMS14F1310P0004_133,TMS14F1310P0004,133,3,,1,4,4,1,,,,,,,,,,
2022-21.GS.C2.UYT.36.setA.IB-rep1-TMS14F1310P0004_133_plant_2,2022-21.GS.C2.UYT.36.setA.IB-rep1-TMS14F1310P0004_133,TMS14F1310P0004,133,3,,1,4,4,2,,,,,,,,,,
2022-21.GS.C2.UYT.36.setA.IB-rep1-TMS14F1310P0004_133_plant_3,2022-21.GS.C2.UYT.36.setA.IB-rep1-TMS14F1310P0004_133,TMS14F1310P0004,133,3,,1,4,4,3,,,,,,,,,,
2022-21.GS.C2.UYT.36.setA.IB-rep1-TMS14F1310P0004_133_plant_4,2022-21.GS.C2.UYT.36.setA.IB-rep1-TMS14F1310P0004_133,TMS14F1310P0004,133,3,,1,4,4,4,,,,,,,,,,
2022-21.GS.C2.UYT.36.setA.IB-rep1-TMS14F1310P0004_133_plant_5,2022-21.GS.C2.UYT.36.setA.IB-rep1-TMS14F1310P0004_133,TMS14F1310P0004,133,3,,1,4,4,5,,,,,,,,,,
2022-21.GS.C2.UYT.36.setA.IB-rep1-TMS14F1291P0011_134_plant_1,2022-21.GS.C2.UYT.36.setA.IB-rep1-TMS14F1291P0011_134,TMS14F1291P0011,134,3,,1,4,3,1,,,,,,,,,,
2022-21.GS.C2.UYT.36.setA.IB-rep1-TMS14F1291P0011_134_plant_2,2022-21.GS.C2.UYT.36.setA.IB-rep1-TMS14F1291P0011_134,TMS14F1291P0011,134,3,,1,4,3,2,,,,,,,,,,
2022-21.GS.C2.UYT.36.setA.IB-rep1-TMS14F1291P0011_134_plant_3,2022-21.GS.C2.UYT.36.setA.IB-rep1-TMS14F1291P0011_134,TMS14F1291P0011,134,3,,1,4,3,3,,,,,,,,,,
2022-21.GS.C2.UYT.36.setA.IB-rep1-TMS14F1291P0011_134_plant_4,2022-21.GS.C2.UYT.36.setA.IB-rep1-TMS14F1291P0011_134,TMS14F1291P0011,134,3,,1,4,3,4,,,,,,,,,,
2022-21.GS.C2.UYT.36.setA.IB-rep1-TMS14F1291P0011_134_plant_5,2022-21.GS.C2.UYT.36.setA.IB-rep1-TMS14F1291P0011_134,TMS14F1291P0011,134,3,,1,4,3,5,,,,,,,,,,
2022-21.GS.C2.UYT.36.setA.IB-rep1-TMS14F1311P0002_135_plant_1,2022-21.GS.C2.UYT.36.setA.IB-rep1-TMS14F1311P0002_135,TMS14F1311P0002,135,3,,1,4,2,1,,,,,,,,,,
2022-21.GS.C2.UYT.36.setA.IB-rep1-TMS14F1311P0002_135_plant_2,2022-21.GS.C2.UYT.36.setA.IB-rep1-TMS14F1311P0002_135,TMS14F1311P0002,135,3,,1,4,2,2,,,,,,,,,,
2022-21.GS.C2.UYT.36.setA.IB-rep1-TMS14F1311P0002_135_plant_3,2022-21.GS.C2.UYT.36.setA.IB-rep1-TMS14F1311P0002_135,TMS14F1311P0002,135,3,,1,4,2,3,,,,,,,,,,
2022-21.GS.C2.UYT.36.setA.IB-rep1-TMS14F1311P0002_135_plant_4,2022-21.GS.C2.UYT.36.setA.IB-rep1-TMS14F1311P0002_135,TMS14F1311P0002,135,3,,1,4,2,4,,,,,,,,,,
2022-21.GS.C2.UYT.36.setA.IB-rep1-TMS14F1311P0002_135_plant_5,2022-21.GS.C2.UYT.36.setA.IB-rep1-TMS14F1311P0002_135,TMS14F1311P0002,135,3,,1,4,2,5,,,,,,,,,,
2022-21.GS.C2.UYT.36.setA.IB-rep1-TMS14F1208P0007_136_plant_1,2022-21.GS.C2.UYT.36.setA.IB-rep1-TMS14F1208P0007_136,TMS14F1208P0007,136,3,,1,4,1,1,,,,,,,,,,
2022-21.GS.C2.UYT.36.setA.IB-rep1-TMS14F1208P0007_136_plant_2,2022-21.GS.C2.UYT.36.setA.IB-rep1-TMS14F1208P0007_136,TMS14F1208P0007,136,3,,1,4,1,2,,,,,,,,,,
2022-21.GS.C2.UYT.36.setA.IB-rep1-TMS14F1208P0007_136_plant_3,2022-21.GS.C2.UYT.36.setA.IB-rep1-TMS14F1208P0007_136,TMS14F1208P0007,136,3,,1,4,1,3,,,,,,,,,,
2022-21.GS.C2.UYT.36.setA.IB-rep1-TMS14F1208P0007_136_plant_4,2022-21.GS.C2.UYT.36.setA.IB-rep1-TMS14F1208P0007_136,TMS14F1208P0007,136,3,,1,4,1,4,,,,,,,,,,
2022-21.GS.C2.UYT.36.setA.IB-rep1-TMS14F1208P0007_136_plant_5,2022-21.GS.C2.UYT.36.setA.IB-rep1-TMS14F1208P0007_136,TMS14F1208P0007,136,3,,1,4,1,5,,,,,,,,,,
2022-21.GS.C2.UYT.36.setA.IB-rep2-TMS14F1224P0004_201_plant_1,2022-21.GS.C2.UYT.36.setA.IB-rep2-TMS14F1224P0004_201,TMS14F1224P0004,201,4,,2,5,1,1,4,4,5,3,10,180,25.34,17.95,10.81,4.85
2022-21.GS.C2.UYT.36.setA.IB-rep2-TMS14F1224P0004_201_plant_2,2022-21.GS.C2.UYT.36.setA.IB-rep2-TMS14F1224P0004_201,TMS14F1224P0004,201,4,,2,5,1,2,3,2,4,0,10,175,24.01,18.04,8.89,3.51
2022-21.GS.C2.UYT.36.setA.IB-rep2-TMS14F1224P0004_201_plant_3,2022-21.GS.C2.UYT.36.setA.IB-rep2-TMS14F1224P0004_201,TMS14F1224P0004,201,4,,2,5,1,3,3,13,0,3,10,160,23.4,16.01,8.25,2.23
2022-21.GS.C2.UYT.36.setA.IB-rep2-TMS14F1224P0004_201_plant_4,2022-21.GS.C2.UYT.36.setA.IB-rep2-TMS14F1224P0004_201,TMS14F1224P0004,201,4,,2,5,1,4,3,13,0,2,20,170,23.44,16.74,9.62,2.99
2022-21.GS.C2.UYT.36.setA.IB-rep2-TMS14F1224P0004_201_plant_5,2022-21.GS.C2.UYT.36.setA.IB-rep2-TMS14F1224P0004_201,TMS14F1224P0004,201,4,,2,5,1,5,3,4,4,0,15,175,25.98,15.5,8.52,3.42
2022-21.GS.C2.UYT.36.setA.IB-rep2-TMS13F1114P0001_202_plant_1,2022-21.GS.C2.UYT.36.setA.IB-rep2-TMS13F1114P0001_202,TMS13F1114P0001,202,4,,2,5,2,1,2,15,8,2,15,140,15.47,7.41,3.99,
2022-21.GS.C2.UYT.36.setA.IB-rep2-TMS13F1114P0001_202_plant_2,2022-21.GS.C2.UYT.36.setA.IB-rep2-TMS13F1114P0001_202,TMS13F1114P0001,202,4,,2,5,2,2,2,2,7,0,15,145,19.07,11.22,5.51,
2022-21.GS.C2.UYT.36.setA.IB-rep2-TMS13F1114P0001_202_plant_3,2022-21.GS.C2.UYT.36.setA.IB-rep2-TMS13F1114P0001_202,TMS13F1114P0001,202,4,,2,5,2,3,2,2,8,0,20,150,19.19,12.55,5.25,
2022-21.GS.C2.UYT.36.setA.IB-rep2-TMS13F1114P0001_202_plant_4,2022-21.GS.C2.UYT.36.setA.IB-rep2-TMS13F1114P0001_202,TMS13F1114P0001,202,4,,2,5,2,4,2,3,9,0,20,145,16.9,10.42,6.15,
2022-21.GS.C2.UYT.36.setA.IB-rep2-TMS13F1114P0001_202_plant_5,2022-21.GS.C2.UYT.36.setA.IB-rep2-TMS13F1114P0001_202,TMS13F1114P0001,202,4,,2,5,2,5,2,4,9,0,35,155,19.22,12.19,5.81,
2022-21.GS.C2.UYT.36.setA.IB-rep2-TMS14F1035P0004_203_plant_1,2022-21.GS.C2.UYT.36.setA.IB-rep2-TMS14F1035P0004_203,TMS14F1035P0004,203,4,,2,5,3,1,3,11,0,3,15,180,19.01,12.27,9.35,
2022-21.GS.C2.UYT.36.setA.IB-rep2-TMS14F1035P0004_203_plant_2,2022-21.GS.C2.UYT.36.setA.IB-rep2-TMS14F1035P0004_203,TMS14F1035P0004,203,4,,2,5,3,2,3,11,0,2,25,195,23.59,15.56,9.39,4.14
2022-21.GS.C2.UYT.36.setA.IB-rep2-TMS14F1035P0004_203_plant_3,2022-21.GS.C2.UYT.36.setA.IB-rep2-TMS14F1035P0004_203,TMS14F1035P0004,203,4,,2,5,3,3,3,7,3,2,20,185,23.72,14.3,5.99,2.7
2022-21.GS.C2.UYT.36.setA.IB-rep2-TMS14F1035P0004_203_plant_4,2022-21.GS.C2.UYT.36.setA.IB-rep2-TMS14F1035P0004_203,TMS14F1035P0004,203,4,,2,5,3,4,3,2,6,0,10,195,22.59,15.79,8.73,4.31
2022-21.GS.C2.UYT.36.setA.IB-rep2-TMS14F1035P0004_203_plant_5,2022-21.GS.C2.UYT.36.setA.IB-rep2-TMS14F1035P0004_203,TMS14F1035P0004,203,4,,2,5,3,5,2,3,7,0,20,205,19.03,10.57,7.72,
2022-21.GS.C2.UYT.36.setA.IB-rep2-TMS14F1194P0002_204_plant_1,2022-21.GS.C2.UYT.36.setA.IB-rep2-TMS14F1194P0002_204,TMS14F1194P0002,204,4,,2,5,4,1,1,9,11,0,20,215,22.02,10.17,11.57,
2022-21.GS.C2.UYT.36.setA.IB-rep2-TMS14F1194P0002_204_plant_2,2022-21.GS.C2.UYT.36.setA.IB-rep2-TMS14F1194P0002_204,TMS14F1194P0002,204,4,,2,5,4,2,1,14,11,0,25,205,22.92,11.88,,
2022-21.GS.C2.UYT.36.setA.IB-rep2-TMS14F1194P0002_204_plant_3,2022-21.GS.C2.UYT.36.setA.IB-rep2-TMS14F1194P0002_204,TMS14F1194P0002,204,4,,2,5,4,3,1,2,12,0,30,215,18.85,10.9,,
2022-21.GS.C2.UYT.36.setA.IB-rep2-TMS14F1194P0002_204_plant_4,2022-21.GS.C2.UYT.36.setA.IB-rep2-TMS14F1194P0002_204,TMS14F1194P0002,204,4,,2,5,4,4,1,15,8,0,45,240,22.84,13.34,,
2022-21.GS.C2.UYT.36.setA.IB-rep2-TMS14F1194P0002_204_plant_5,2022-21.GS.C2.UYT.36.setA.IB-rep2-TMS14F1194P0002_204,TMS14F1194P0002,204,4,,2,5,4,5,1,24,14,0,25,220,25.13,18.4,,
2022-21.GS.C2.UYT.36.setA.IB-rep2-TMS14F1036P0007_205_plant_1,2022-21.GS.C2.UYT.36.setA.IB-rep2-TMS14F1036P0007_205,TMS14F1036P0007,205,4,,2,5,5,1,3,11,10,2,40,255,27.83,18.58,12.77,2.07
2022-21.GS.C2.UYT.36.setA.IB-rep2-TMS14F1036P0007_205_plant_2,2022-21.GS.C2.UYT.36.setA.IB-rep2-TMS14F1036P0007_205,TMS14F1036P0007,205,4,,2,5,5,2,1,8,12,0,45,260,19.19,13.07,,
2022-21.GS.C2.UYT.36.setA.IB-rep2-TMS14F1036P0007_205_plant_3,2022-21.GS.C2.UYT.36.setA.IB-rep2-TMS14F1036P0007_205,TMS14F1036P0007,205,4,,2,5,5,3,3,7,10,2,35,255,25.25,17.1,15.31,2.06
2022-21.GS.C2.UYT.36.setA.IB-rep2-TMS14F1036P0007_205_plant_4,2022-21.GS.C2.UYT.36.setA.IB-rep2-TMS14F1036P0007_205,TMS14F1036P0007,205,4,,2,5,5,4,3,14,6,2,40,265,29.86,20.93,13.77,7.54
2022-21.GS.C2.UYT.36.setA.IB-rep2-TMS14F1036P0007_205_plant_5,2022-21.GS.C2.UYT.36.setA.IB-rep2-TMS14F1036P0007_205,TMS14F1036P0007,205,4,,2,5,5,5,2,6,12,0,50,250,25.42,15.11,9.57,
2022-21.GS.C2.UYT.36.setA.IB-rep2-TMS14F1208P0007_206_plant_1,2022-21.GS.C2.UYT.36.setA.IB-rep2-TMS14F1208P0007_206,TMS14F1208P0007,206,4,,2,5,6,1,3,10,0,2,15,225,22.53,15.62,7.39,4.6
2022-21.GS.C2.UYT.36.setA.IB-rep2-TMS14F1208P0007_206_plant_2,2022-21.GS.C2.UYT.36.setA.IB-rep2-TMS14F1208P0007_206,TMS14F1208P0007,206,4,,2,5,6,2,3,1,5,0,25,220,27.44,15.21,8.75,5.68
2022-21.GS.C2.UYT.36.setA.IB-rep2-TMS14F1208P0007_206_plant_3,2022-21.GS.C2.UYT.36.setA.IB-rep2-TMS14F1208P0007_206,TMS14F1208P0007,206,4,,2,5,6,3,3,10,0,2,25,220,25.72,12.34,18.13,3.6
2022-21.GS.C2.UYT.36.setA.IB-rep2-TMS14F1208P0007_206_plant_4,2022-21.GS.C2.UYT.36.setA.IB-rep2-TMS14F1208P0007_206,TMS14F1208P0007,206,4,,2,5,6,4,3,6,5,2,35,220,21.44,14.82,7.47,2.63
2022-21.GS.C2.UYT.36.setA.IB-rep2-TMS14F1208P0007_206_plant_5,2022-21.GS.C2.UYT.36.setA.IB-rep2-TMS14F1208P0007_206,TMS14F1208P0007,206,4,,2,5,6,5,3,7,3,2,25,220,21.95,11.86,7.63,3.84
2022-21.GS.C2.UYT.36.setA.IB-rep2-TMS14F1022P0006_207_plant_1,2022-21.GS.C2.UYT.36.setA.IB-rep2-TMS14F1022P0006_207,TMS14F1022P0006,207,4,,2,5,7,1,2,2,8,0,15,190,21.8,11.47,6.26,
2022-21.GS.C2.UYT.36.setA.IB-rep2-TMS14F1022P0006_207_plant_2,2022-21.GS.C2.UYT.36.setA.IB-rep2-TMS14F1022P0006_207,TMS14F1022P0006,207,4,,2,5,7,2,2,10,6,3,30,175,18.83,9.6,4.76,
2022-21.GS.C2.UYT.36.setA.IB-rep2-TMS14F1022P0006_207_plant_3,2022-21.GS.C2.UYT.36.setA.IB-rep2-TMS14F1022P0006_207,TMS14F1022P0006,207,4,,2,5,7,3,2,12,12,2,20,165,18.7,9.31,3.72,
2022-21.GS.C2.UYT.36.setA.IB-rep2-TMS14F1022P0006_207_plant_4,2022-21.GS.C2.UYT.36.setA.IB-rep2-TMS14F1022P0006_207,TMS14F1022P0006,207,4,,2,5,7,4,2,12,0,2,20,165,15.09,6.64,5.26,
2022-21.GS.C2.UYT.36.setA.IB-rep2-TMS14F1022P0006_207_plant_5,2022-21.GS.C2.UYT.36.setA.IB-rep2-TMS14F1022P0006_207,TMS14F1022P0006,207,4,,2,5,7,5,2,3,6,0,20,180,21.84,12.09,6.14,
2022-21.GS.C2.UYT.36.setA.IB-rep2-TMS14F1001P0004_208_plant_1,2022-21.GS.C2.UYT.36.setA.IB-rep2-TMS14F1001P0004_208,TMS14F1001P0004,208,4,,2,5,8,1,2,3,8,0,25,175,19.59,13.83,8.8,
2022-21.GS.C2.UYT.36.setA.IB-rep2-TMS14F1001P0004_208_plant_2,2022-21.GS.C2.UYT.36.setA.IB-rep2-TMS14F1001P0004_208,TMS14F1001P0004,208,4,,2,5,8,2,2,2,7,0,30,170,23.01,10.75,8.09,
2022-21.GS.C2.UYT.36.setA.IB-rep2-TMS14F1001P0004_208_plant_3,2022-21.GS.C2.UYT.36.setA.IB-rep2-TMS14F1001P0004_208,TMS14F1001P0004,208,4,,2,5,8,3,3,7,4,2,25,175,20.31,12.36,6.6,
2022-21.GS.C2.UYT.36.setA.IB-rep2-TMS14F1001P0004_208_plant_4,2022-21.GS.C2.UYT.36.setA.IB-rep2-TMS14F1001P0004_208,TMS14F1001P0004,208,4,,2,5,8,4,2,3,7,0,25,160,24.27,13.11,8.49,5.45
2022-21.GS.C2.UYT.36.setA.IB-rep2-TMS14F1001P0004_208_plant_5,2022-21.GS.C2.UYT.36.setA.IB-rep2-TMS14F1001P0004_208,TMS14F1001P0004,208,4,,2,5,8,5,3,11,0,2,30,230,,,,
2022-21.GS.C2.UYT.36.setA.IB-rep2-TMS14F1297P0019_209_plant_1,2022-21.GS.C2.UYT.36.setA.IB-rep2-TMS14F1297P0019_209,TMS14F1297P0019,209,4,,2,5,9,1,1,14,7,0,25,170,19.02,12.98,,
2022-21.GS.C2.UYT.36.setA.IB-rep2-TMS14F1297P0019_209_plant_2,2022-21.GS.C2.UYT.36.setA.IB-rep2-TMS14F1297P0019_209,TMS14F1297P0019,209,4,,2,5,9,2,1,3,9,0,30,150,19.55,10.18,,
2022-21.GS.C2.UYT.36.setA.IB-rep2-TMS14F1297P0019_209_plant_3,2022-21.GS.C2.UYT.36.setA.IB-rep2-TMS14F1297P0019_209,TMS14F1297P0019,209,4,,2,5,9,3,0,,10,0,35,145,14.49,,,
2022-21.GS.C2.UYT.36.setA.IB-rep2-TMS14F1297P0019_209_plant_4,2022-21.GS.C2.UYT.36.setA.IB-rep2-TMS14F1297P0019_209,TMS14F1297P0019,209,4,,2,5,9,4,2,15,7,3,25,160,20.89,12.24,3.39,
2022-21.GS.C2.UYT.36.setA.IB-rep2-TMS14F1297P0019_209_plant_5,2022-21.GS.C2.UYT.36.setA.IB-rep2-TMS14F1297P0019_209,TMS14F1297P0019,209,4,,2,5,9,5,2,1,6,0,25,165,28.22,14.21,7.9,
2022-21.GS.C2.UYT.36.setA.IB-rep2-TMS14F1291P0011_210_plant_1,2022-21.GS.C2.UYT.36.setA.IB-rep2-TMS14F1291P0011_210,TMS14F1291P0011,210,4,,2,6,9,1,0,0,8,0,20,95,16.65,,,
2022-21.GS.C2.UYT.36.setA.IB-rep2-TMS14F1291P0011_210_plant_2,2022-21.GS.C2.UYT.36.setA.IB-rep2-TMS14F1291P0011_210,TMS14F1291P0011,210,4,,2,6,9,2,1,7,9,0,15,100,16.64,,,
2022-21.GS.C2.UYT.36.setA.IB-rep2-TMS14F1291P0011_210_plant_3,2022-21.GS.C2.UYT.36.setA.IB-rep2-TMS14F1291P0011_210,TMS14F1291P0011,210,4,,2,6,9,3,0,0,10,0,15,100,17.76,,,
2022-21.GS.C2.UYT.36.setA.IB-rep2-TMS14F1291P0011_210_plant_4,2022-21.GS.C2.UYT.36.setA.IB-rep2-TMS14F1291P0011_210,TMS14F1291P0011,210,4,,2,6,9,4,0,0,12,0,15,95,12.17,,,
2022-21.GS.C2.UYT.36.setA.IB-rep2-TMS14F1291P0011_210_plant_5,2022-21.GS.C2.UYT.36.setA.IB-rep2-TMS14F1291P0011_210,TMS14F1291P0011,210,4,,2,6,9,5,0,0,10,0,15,80,12.08,,,
2022-21.GS.C2.UYT.36.setA.IB-rep2-TMS14F1120P0003_211_plant_1,2022-21.GS.C2.UYT.36.setA.IB-rep2-TMS14F1120P0003_211,TMS14F1120P0003,211,4,,2,6,8,1,2,3,10,0,35,155,18.47,11.69,6.6,
2022-21.GS.C2.UYT.36.setA.IB-rep2-TMS14F1120P0003_211_plant_2,2022-21.GS.C2.UYT.36.setA.IB-rep2-TMS14F1120P0003_211,TMS14F1120P0003,211,4,,2,6,8,2,3,12,3,3,30,165,24.54,17.62,9.64,5.49
2022-21.GS.C2.UYT.36.setA.IB-rep2-TMS14F1120P0003_211_plant_3,2022-21.GS.C2.UYT.36.setA.IB-rep2-TMS14F1120P0003_211,TMS14F1120P0003,211,4,,2,6,8,3,2,4,10,0,35,160,18.05,12.02,6.97,
2022-21.GS.C2.UYT.36.setA.IB-rep2-TMS14F1120P0003_211_plant_4,2022-21.GS.C2.UYT.36.setA.IB-rep2-TMS14F1120P0003_211,TMS14F1120P0003,211,4,,2,6,8,4,,,,,,,,,,
2022-21.GS.C2.UYT.36.setA.IB-rep2-TMS14F1120P0003_211_plant_5,2022-21.GS.C2.UYT.36.setA.IB-rep2-TMS14F1120P0003_211,TMS14F1120P0003,211,4,,2,6,8,5,,,,,,,,,,
2022-21.GS.C2.UYT.36.setA.IB-rep2-TMS14F1306P0015_212_plant_1,2022-21.GS.C2.UYT.36.setA.IB-rep2-TMS14F1306P0015_212,TMS14F1306P0015,212,4,,2,6,7,1,1,10,10,0,25,165,19.79,12.37,,
2022-21.GS.C2.UYT.36.setA.IB-rep2-TMS14F1306P0015_212_plant_2,2022-21.GS.C2.UYT.36.setA.IB-rep2-TMS14F1306P0015_212,TMS14F1306P0015,212,4,,2,6,7,2,1,14,10,0,15,160,21.4,11.45,,
2022-21.GS.C2.UYT.36.setA.IB-rep2-TMS14F1306P0015_212_plant_3,2022-21.GS.C2.UYT.36.setA.IB-rep2-TMS14F1306P0015_212,TMS14F1306P0015,212,4,,2,6,7,3,0,0,15,0,25,175,20.92,,,
2022-21.GS.C2.UYT.36.setA.IB-rep2-TMS14F1306P0015_212_plant_4,2022-21.GS.C2.UYT.36.setA.IB-rep2-TMS14F1306P0015_212,TMS14F1306P0015,212,4,,2,6,7,4,2,35,2,2,25,175,26.22,9.13,,
2022-21.GS.C2.UYT.36.setA.IB-rep2-TMS14F1306P0015_212_plant_5,2022-21.GS.C2.UYT.36.setA.IB-rep2-TMS14F1306P0015_212,TMS14F1306P0015,212,4,,2,6,7,5,,,,,,,,,,
2022-21.GS.C2.UYT.36.setA.IB-rep2-TMS14F1016P0006_213_plant_1,2022-21.GS.C2.UYT.36.setA.IB-rep2-TMS14F1016P0006_213,TMS14F1016P0006,213,5,,2,6,6,1,3,4,5,0,10,200,25.57,12.62,7.05,
2022-21.GS.C2.UYT.36.setA.IB-rep2-TMS14F1016P0006_213_plant_2,2022-21.GS.C2.UYT.36.setA.IB-rep2-TMS14F1016P0006_213,TMS14F1016P0006,213,5,,2,6,6,2,2,6,7,2,25,155,25.53,6.83,,
2022-21.GS.C2.UYT.36.setA.IB-rep2-TMS14F1016P0006_213_plant_3,2022-21.GS.C2.UYT.36.setA.IB-rep2-TMS14F1016P0006_213,TMS14F1016P0006,213,5,,2,6,6,3,2,13,0,3,20,150,18.84,7.4,4.25,
2022-21.GS.C2.UYT.36.setA.IB-rep2-TMS14F1016P0006_213_plant_4,2022-21.GS.C2.UYT.36.setA.IB-rep2-TMS14F1016P0006_213,TMS14F1016P0006,213,5,,2,6,6,4,2,5,6,3,30,160,17.79,7.17,3.9,
2022-21.GS.C2.UYT.36.setA.IB-rep2-TMS14F1016P0006_213_plant_5,2022-21.GS.C2.UYT.36.setA.IB-rep2-TMS14F1016P0006_213,TMS14F1016P0006,213,5,,2,6,6,5,2,7,4,2,15,160,17.74,7.68,3.2,
2022-21.GS.C2.UYT.36.setA.IB-rep2-TMS14F1312P0003_214_plant_1,2022-21.GS.C2.UYT.36.setA.IB-rep2-TMS14F1312P0003_214,TMS14F1312P0003,214,5,,2,6,5,1,1,12,9,0,35,210,17.84,10.71,,
2022-21.GS.C2.UYT.36.setA.IB-rep2-TMS14F1312P0003_214_plant_2,2022-21.GS.C2.UYT.36.setA.IB-rep2-TMS14F1312P0003_214,TMS14F1312P0003,214,5,,2,6,5,2,2,23,8,0,30,210,21.19,14.17,9.76,
2022-21.GS.C2.UYT.36.setA.IB-rep2-TMS14F1312P0003_214_plant_3,2022-21.GS.C2.UYT.36.setA.IB-rep2-TMS14F1312P0003_214,TMS14F1312P0003,214,5,,2,6,5,3,2,18,6,2,35,220,18.69,12.49,5.65,
2022-21.GS.C2.UYT.36.setA.IB-rep2-TMS14F1312P0003_214_plant_4,2022-21.GS.C2.UYT.36.setA.IB-rep2-TMS14F1312P0003_214,TMS14F1312P0003,214,5,,2,6,5,4,2,4,12,0,23,225,24.24,16.55,9.33,
2022-21.GS.C2.UYT.36.setA.IB-rep2-TMS14F1312P0003_214_plant_5,2022-21.GS.C2.UYT.36.setA.IB-rep2-TMS14F1312P0003_214,TMS14F1312P0003,214,5,,2,6,5,5,2,20,3,2,35,210,22.31,10.04,10.71,5.99
2022-21.GS.C2.UYT.36.setA.IB-rep2-TMS14F1262P0002_215_plant_1,2022-21.GS.C2.UYT.36.setA.IB-rep2-TMS14F1262P0002_215,TMS14F1262P0002,215,5,,2,6,4,1,2,10,10,0,20,160,26.07,19.85,10.8,
2022-21.GS.C2.UYT.36.setA.IB-rep2-TMS14F1262P0002_215_plant_2,2022-21.GS.C2.UYT.36.setA.IB-rep2-TMS14F1262P0002_215,TMS14F1262P0002,215,5,,2,6,4,2,2,20,6,2,20,150,23.18,12.48,,
2022-21.GS.C2.UYT.36.setA.IB-rep2-TMS14F1262P0002_215_plant_3,2022-21.GS.C2.UYT.36.setA.IB-rep2-TMS14F1262P0002_215,TMS14F1262P0002,215,5,,2,6,4,3,2,2,10,0,30,160,23.05,13.65,10.68,
2022-21.GS.C2.UYT.36.setA.IB-rep2-TMS14F1262P0002_215_plant_4,2022-21.GS.C2.UYT.36.setA.IB-rep2-TMS14F1262P0002_215,TMS14F1262P0002,215,5,,2,6,4,4,,,,,,,,,,
2022-21.GS.C2.UYT.36.setA.IB-rep2-TMS14F1262P0002_215_plant_5,2022-21.GS.C2.UYT.36.setA.IB-rep2-TMS14F1262P0002_215,TMS14F1262P0002,215,5,,2,6,4,5,,,,,,,,,,
2022-21.GS.C2.UYT.36.setA.IB-rep2-TMS14F1131P0001_216_plant_1,2022-21.GS.C2.UYT.36.setA.IB-rep2-TMS14F1131P0001_216,TMS14F1131P0001,216,5,,2,6,3,1,3,4,6,2,25,195,24.19,14.45,5.89,
2022-21.GS.C2.UYT.36.setA.IB-rep2-TMS14F1131P0001_216_plant_2,2022-21.GS.C2.UYT.36.setA.IB-rep2-TMS14F1131P0001_216,TMS14F1131P0001,216,5,,2,6,3,2,3,11,3,3,25,210,29.51,20.74,9.76,4.1
2022-21.GS.C2.UYT.36.setA.IB-rep2-TMS14F1131P0001_216_plant_3,2022-21.GS.C2.UYT.36.setA.IB-rep2-TMS14F1131P0001_216,TMS14F1131P0001,216,5,,2,6,3,3,3,8,4,3,25,205,25.18,17.93,8.21,2.73
2022-21.GS.C2.UYT.36.setA.IB-rep2-TMS14F1131P0001_216_plant_4,2022-21.GS.C2.UYT.36.setA.IB-rep2-TMS14F1131P0001_216,TMS14F1131P0001,216,5,,2,6,3,4,3,4,6,2,35,205,22.81,12.29,6.53,
2022-21.GS.C2.UYT.36.setA.IB-rep2-TMS14F1131P0001_216_plant_5,2022-21.GS.C2.UYT.36.setA.IB-rep2-TMS14F1131P0001_216,TMS14F1131P0001,216,5,,2,6,3,5,3,9,3,3,10,230,23.45,13.36,7.34,3.84
2022-21.GS.C2.UYT.36.setA.IB-rep2-TMS14F1049P0001_217_plant_1,2022-21.GS.C2.UYT.36.setA.IB-rep2-TMS14F1049P0001_217,TMS14F1049P0001,217,5,,2,6,2,1,2,11,5,2,25,170,16.67,9.45,4.24,
2022-21.GS.C2.UYT.36.setA.IB-rep2-TMS14F1049P0001_217_plant_2,2022-21.GS.C2.UYT.36.setA.IB-rep2-TMS14F1049P0001_217,TMS14F1049P0001,217,5,,2,6,2,2,2,1,5,0,10,165,17.91,9.98,4.52,
2022-21.GS.C2.UYT.36.setA.IB-rep2-TMS14F1049P0001_217_plant_3,2022-21.GS.C2.UYT.36.setA.IB-rep2-TMS14F1049P0001_217,TMS14F1049P0001,217,5,,2,6,2,3,2,16,0,0,20,180,17.58,10.17,4.79,
2022-21.GS.C2.UYT.36.setA.IB-rep2-TMS14F1049P0001_217_plant_4,2022-21.GS.C2.UYT.36.setA.IB-rep2-TMS14F1049P0001_217,TMS14F1049P0001,217,5,,2,6,2,4,2,7,7,3,25,170,14.83,7.28,,
2022-21.GS.C2.UYT.36.setA.IB-rep2-TMS14F1049P0001_217_plant_5,2022-21.GS.C2.UYT.36.setA.IB-rep2-TMS14F1049P0001_217,TMS14F1049P0001,217,5,,2,6,2,5,1,5,7,0,20,165,15.06,6.39,,
2022-21.GS.C2.UYT.36.setA.IB-rep2-TMS13F1461P0002_218_plant_1,2022-21.GS.C2.UYT.36.setA.IB-rep2-TMS13F1461P0002_218,TMS13F1461P0002,218,5,,2,6,1,1,1,6,7,0,20,125,16.78,8.93,,
2022-21.GS.C2.UYT.36.setA.IB-rep2-TMS13F1461P0002_218_plant_2,2022-21.GS.C2.UYT.36.setA.IB-rep2-TMS13F1461P0002_218,TMS13F1461P0002,218,5,,2,6,1,2,2,0,8,0,15,125,18.45,8.76,4.48,
2022-21.GS.C2.UYT.36.setA.IB-rep2-TMS13F1461P0002_218_plant_3,2022-21.GS.C2.UYT.36.setA.IB-rep2-TMS13F1461P0002_218,TMS13F1461P0002,218,5,,2,6,1,3,2,16,0,3,20,120,19.1,9.6,5.63,
2022-21.GS.C2.UYT.36.setA.IB-rep2-TMS13F1461P0002_218_plant_4,2022-21.GS.C2.UYT.36.setA.IB-rep2-TMS13F1461P0002_218,TMS13F1461P0002,218,5,,2,6,1,4,2,1,6,0,10,165,26.82,12.54,6.61,
2022-21.GS.C2.UYT.36.setA.IB-rep2-TMS13F1461P0002_218_plant_5,2022-21.GS.C2.UYT.36.setA.IB-rep2-TMS13F1461P0002_218,TMS13F1461P0002,218,5,,2,6,1,5,2,0,8,0,10,170,25.81,14.94,4.67,4.67
2022-21.GS.C2.UYT.36.setA.IB-rep2-TMS14F1300P0008_219_plant_1,2022-21.GS.C2.UYT.36.setA.IB-rep2-TMS14F1300P0008_219,TMS14F1300P0008,219,5,,2,7,1,1,3,6,6,,15,195,25.82,16.88,6.24,
2022-21.GS.C2.UYT.36.setA.IB-rep2-TMS14F1300P0008_219_plant_2,2022-21.GS.C2.UYT.36.setA.IB-rep2-TMS14F1300P0008_219,TMS14F1300P0008,219,5,,2,7,1,2,2,11,7,2,20,160,19.72,8.51,,
2022-21.GS.C2.UYT.36.setA.IB-rep2-TMS14F1300P0008_219_plant_3,2022-21.GS.C2.UYT.36.setA.IB-rep2-TMS14F1300P0008_219,TMS14F1300P0008,219,5,,2,7,1,3,3,12,0,2,15,160,24.76,17.22,7.48,4.45
2022-21.GS.C2.UYT.36.setA.IB-rep2-TMS14F1300P0008_219_plant_4,2022-21.GS.C2.UYT.36.setA.IB-rep2-TMS14F1300P0008_219,TMS14F1300P0008,219,5,,2,7,1,4,,,,,,,,,,
2022-21.GS.C2.UYT.36.setA.IB-rep2-TMS14F1300P0008_219_plant_5,2022-21.GS.C2.UYT.36.setA.IB-rep2-TMS14F1300P0008_219,TMS14F1300P0008,219,5,,2,7,1,5,,,,,,,,,,
2022-21.GS.C2.UYT.36.setA.IB-rep2-TMS14F1303P0012_220_plant_1,2022-21.GS.C2.UYT.36.setA.IB-rep2-TMS14F1303P0012_220,TMS14F1303P0012,220,5,,2,7,2,1,2,0,9,0,25,160,19.31,11.83,6.84,
2022-21.GS.C2.UYT.36.setA.IB-rep2-TMS14F1303P0012_220_plant_2,2022-21.GS.C2.UYT.36.setA.IB-rep2-TMS14F1303P0012_220,TMS14F1303P0012,220,5,,2,7,2,2,2,18,0,2,20,150,18.68,9.83,5.63,
2022-21.GS.C2.UYT.36.setA.IB-rep2-TMS14F1303P0012_220_plant_3,2022-21.GS.C2.UYT.36.setA.IB-rep2-TMS14F1303P0012_220,TMS14F1303P0012,220,5,,2,7,2,3,2,19,1,2,20,155,19.78,9.76,4.58,
2022-21.GS.C2.UYT.36.setA.IB-rep2-TMS14F1303P0012_220_plant_4,2022-21.GS.C2.UYT.36.setA.IB-rep2-TMS14F1303P0012_220,TMS14F1303P0012,220,5,,2,7,2,4,2,15,2,2,25,150,14.89,9.08,5.34,
2022-21.GS.C2.UYT.36.setA.IB-rep2-TMS14F1303P0012_220_plant_5,2022-21.GS.C2.UYT.36.setA.IB-rep2-TMS14F1303P0012_220,TMS14F1303P0012,220,5,,2,7,2,5,2,15,3,2,25,140,17.63,9.92,5.17,
2022-21.GS.C2.UYT.36.setA.IB-rep2-TMS13F2061P0005_221_plant_1,2022-21.GS.C2.UYT.36.setA.IB-rep2-TMS13F2061P0005_221,TMS13F2061P0005,221,5,,2,7,3,1,3,13,4,3,20,180,30.36,17.55,8.92,2.98
2022-21.GS.C2.UYT.36.setA.IB-rep2-TMS13F2061P0005_221_plant_2,2022-21.GS.C2.UYT.36.setA.IB-rep2-TMS13F2061P0005_221,TMS13F2061P0005,221,5,,2,7,3,2,2,6,7,0,50,160,29.47,12.82,6.68,
2022-21.GS.C2.UYT.36.setA.IB-rep2-TMS13F2061P0005_221_plant_3,2022-21.GS.C2.UYT.36.setA.IB-rep2-TMS13F2061P0005_221,TMS13F2061P0005,221,5,,2,7,3,3,2,5,6,0,20,170,23.36,13.07,5.97,
2022-21.GS.C2.UYT.36.setA.IB-rep2-TMS13F2061P0005_221_plant_4,2022-21.GS.C2.UYT.36.setA.IB-rep2-TMS13F2061P0005_221,TMS13F2061P0005,221,5,,2,7,3,4,3,18,0,3,21,185,29.34,21.44,10.14,5.83
2022-21.GS.C2.UYT.36.setA.IB-rep2-TMS13F2061P0005_221_plant_5,2022-21.GS.C2.UYT.36.setA.IB-rep2-TMS13F2061P0005_221,TMS13F2061P0005,221,5,,2,7,3,5,3,11,5,2,25,165,28.49,17.81,11,
2022-21.GS.C2.UYT.36.setA.IB-rep2-TMS13F1182P0002_222_plant_1,2022-21.GS.C2.UYT.36.setA.IB-rep2-TMS13F1182P0002_222,TMS13F1182P0002,222,5,,2,7,4,1,2,7,11,0,25,230,26.32,16.62,8.63,
2022-21.GS.C2.UYT.36.setA.IB-rep2-TMS13F1182P0002_222_plant_2,2022-21.GS.C2.UYT.36.setA.IB-rep2-TMS13F1182P0002_222,TMS13F1182P0002,222,5,,2,7,4,2,2,8,3,0,10,220,19.85,12.44,5.83,
2022-21.GS.C2.UYT.36.setA.IB-rep2-TMS13F1182P0002_222_plant_3,2022-21.GS.C2.UYT.36.setA.IB-rep2-TMS13F1182P0002_222,TMS13F1182P0002,222,5,,2,7,4,3,2,3,7,0,15,185,17.73,11.94,6.93,
2022-21.GS.C2.UYT.36.setA.IB-rep2-TMS13F1182P0002_222_plant_4,2022-21.GS.C2.UYT.36.setA.IB-rep2-TMS13F1182P0002_222,TMS13F1182P0002,222,5,,2,7,4,4,2,7,8,0,20,200,20.49,16.02,8.13,
2022-21.GS.C2.UYT.36.setA.IB-rep2-TMS13F1182P0002_222_plant_5,2022-21.GS.C2.UYT.36.setA.IB-rep2-TMS13F1182P0002_222,TMS13F1182P0002,222,5,,2,7,4,5,1,4,8,0,20,195,16.25,7.74,,
2022-21.GS.C2.UYT.36.setA.IB-rep2-TMS14F1223P0007_223_plant_1,2022-21.GS.C2.UYT.36.setA.IB-rep2-TMS14F1223P0007_223,TMS14F1223P0007,223,5,,2,7,5,1,3,0,9,0,30,165,22.86,13.95,8.79,6.24
2022-21.GS.C2.UYT.36.setA.IB-rep2-TMS14F1223P0007_223_plant_2,2022-21.GS.C2.UYT.36.setA.IB-rep2-TMS14F1223P0007_223,TMS14F1223P0007,223,5,,2,7,5,2,3,6,4,2,25,175,15.6,12.71,6.74,
2022-21.GS.C2.UYT.36.setA.IB-rep2-TMS14F1223P0007_223_plant_3,2022-21.GS.C2.UYT.36.setA.IB-rep2-TMS14F1223P0007_223,TMS14F1223P0007,223,5,,2,7,5,3,3,6,4,2,20,170,15.53,11.02,5.64,
2022-21.GS.C2.UYT.36.setA.IB-rep2-TMS14F1223P0007_223_plant_4,2022-21.GS.C2.UYT.36.setA.IB-rep2-TMS14F1223P0007_223,TMS14F1223P0007,223,5,,2,7,5,4,3,7,4,2,25,180,23.96,16.14,6.6,3.38
2022-21.GS.C2.UYT.36.setA.IB-rep2-TMS14F1223P0007_223_plant_5,2022-21.GS.C2.UYT.36.setA.IB-rep2-TMS14F1223P0007_223,TMS14F1223P0007,223,5,,2,7,5,5,2,7,5,2,25,170,14.49,6.84,2.72,
2022-21.GS.C2.UYT.36.setA.IB-rep2-TMS14F1311P0002_224_plant_1,2022-21.GS.C2.UYT.36.setA.IB-rep2-TMS14F1311P0002_224,TMS14F1311P0002,224,5,,2,7,6,1,1,17,12,0,20,190,19.37,14.89,,
2022-21.GS.C2.UYT.36.setA.IB-rep2-TMS14F1311P0002_224_plant_2,2022-21.GS.C2.UYT.36.setA.IB-rep2-TMS14F1311P0002_224,TMS14F1311P0002,224,5,,2,7,6,2,2,2,8,0,15,170,19.4,12.59,7.44,
2022-21.GS.C2.UYT.36.setA.IB-rep2-TMS14F1311P0002_224_plant_3,2022-21.GS.C2.UYT.36.setA.IB-rep2-TMS14F1311P0002_224,TMS14F1311P0002,224,5,,2,7,6,3,1,32,12,0,20,165,18.41,14,,
2022-21.GS.C2.UYT.36.setA.IB-rep2-TMS14F1311P0002_224_plant_4,2022-21.GS.C2.UYT.36.setA.IB-rep2-TMS14F1311P0002_224,TMS14F1311P0002,224,5,,2,7,6,4,2,8,10,0,15,177,25.71,13.87,8.51,
2022-21.GS.C2.UYT.36.setA.IB-rep2-TMS14F1311P0002_224_plant_5,2022-21.GS.C2.UYT.36.setA.IB-rep2-TMS14F1311P0002_224,TMS14F1311P0002,224,5,,2,7,6,5,1,13,12,0,23,163,16.89,9.49,,
2022-21.GS.C2.UYT.36.setA.IB-rep2-IITA-TMS-IBA000070_225_plant_1,2022-21.GS.C2.UYT.36.setA.IB-rep2-IITA-TMS-IBA000070_225,IITA-TMS-IBA000070,225,6,1,2,7,7,1,1,8,11,0,30,150,17.76,8.05,,
2022-21.GS.C2.UYT.36.setA.IB-rep2-IITA-TMS-IBA000070_225_plant_2,2022-21.GS.C2.UYT.36.setA.IB-rep2-IITA-TMS-IBA000070_225,IITA-TMS-IBA000070,225,6,1,2,7,7,2,2,13,6,2,15,170,16.21,9.34,3.29,
2022-21.GS.C2.UYT.36.setA.IB-rep2-IITA-TMS-IBA000070_225_plant_3,2022-21.GS.C2.UYT.36.setA.IB-rep2-IITA-TMS-IBA000070_225,IITA-TMS-IBA000070,225,6,1,2,7,7,3,2,3,9,0,25,170,17.9,12.69,8.25,
2022-21.GS.C2.UYT.36.setA.IB-rep2-IITA-TMS-IBA000070_225_plant_4,2022-21.GS.C2.UYT.36.setA.IB-rep2-IITA-TMS-IBA000070_225,IITA-TMS-IBA000070,225,6,1,2,7,7,4,3,8,7,2,25,180,18.64,14.18,7.58,
2022-21.GS.C2.UYT.36.setA.IB-rep2-IITA-TMS-IBA000070_225_plant_5,2022-21.GS.C2.UYT.36.setA.IB-rep2-IITA-TMS-IBA000070_225,IITA-TMS-IBA000070,225,6,1,2,7,7,5,2,5,11,0,25,195,21.54,14.4,8.92,
2022-21.GS.C2.UYT.36.setA.IB-rep2-IITA-TMS-IBA982101_226_plant_1,2022-21.GS.C2.UYT.36.setA.IB-rep2-IITA-TMS-IBA982101_226,IITA-TMS-IBA982101,226,6,1,2,7,8,1,1,11,9,0,30,150,19.06,11.27,,
2022-21.GS.C2.UYT.36.setA.IB-rep2-IITA-TMS-IBA982101_226_plant_2,2022-21.GS.C2.UYT.36.setA.IB-rep2-IITA-TMS-IBA982101_226,IITA-TMS-IBA982101,226,6,1,2,7,8,2,2,11,4,3,20,170,22.05,13.59,7.88,
2022-21.GS.C2.UYT.36.setA.IB-rep2-IITA-TMS-IBA982101_226_plant_3,2022-21.GS.C2.UYT.36.setA.IB-rep2-IITA-TMS-IBA982101_226,IITA-TMS-IBA982101,226,6,1,2,7,8,3,2,17,10,2,25,165,23.89,13.66,4.12,
2022-21.GS.C2.UYT.36.setA.IB-rep2-IITA-TMS-IBA982101_226_plant_4,2022-21.GS.C2.UYT.36.setA.IB-rep2-IITA-TMS-IBA982101_226,IITA-TMS-IBA982101,226,6,1,2,7,8,4,2,2,9,0,20,180,24.61,14.8,8.84,
2022-21.GS.C2.UYT.36.setA.IB-rep2-IITA-TMS-IBA982101_226_plant_5,2022-21.GS.C2.UYT.36.setA.IB-rep2-IITA-TMS-IBA982101_226,IITA-TMS-IBA982101,226,6,1,2,7,8,5,2,17,8,2,20,150,19.71,11.54,3.8,
2022-21.GS.C2.UYT.36.setA.IB-rep2-TMS14F1306P0020_227_plant_1,2022-21.GS.C2.UYT.36.setA.IB-rep2-TMS14F1306P0020_227,TMS14F1306P0020,227,6,,2,7,9,1,1,8,9,0,35,190,22,12.82,,
2022-21.GS.C2.UYT.36.setA.IB-rep2-TMS14F1306P0020_227_plant_2,2022-21.GS.C2.UYT.36.setA.IB-rep2-TMS14F1306P0020_227,TMS14F1306P0020,227,6,,2,7,9,2,1,6,10,0,35,210,19.27,14.16,,
2022-21.GS.C2.UYT.36.setA.IB-rep2-TMS14F1306P0020_227_plant_3,2022-21.GS.C2.UYT.36.setA.IB-rep2-TMS14F1306P0020_227,TMS14F1306P0020,227,6,,2,7,9,3,0,NA,9,NA,25,175,16.54,,,
2022-21.GS.C2.UYT.36.setA.IB-rep2-TMS14F1306P0020_227_plant_4,2022-21.GS.C2.UYT.36.setA.IB-rep2-TMS14F1306P0020_227,TMS14F1306P0020,227,6,,2,7,9,4,2,18,6,2,35,215,25.89,15.97,8.64,
2022-21.GS.C2.UYT.36.setA.IB-rep2-TMS14F1306P0020_227_plant_5,2022-21.GS.C2.UYT.36.setA.IB-rep2-TMS14F1306P0020_227,TMS14F1306P0020,227,6,,2,7,9,5,0,0,9,NA,22,195,17.54,,,
2022-21.GS.C2.UYT.36.setA.IB-rep2-TMS13F1021P0008_228_plant_1,2022-21.GS.C2.UYT.36.setA.IB-rep2-TMS13F1021P0008_228,TMS13F1021P0008,228,6,,2,8,9,1,2,9,9,2,30,185,16.4,9.49,,
2022-21.GS.C2.UYT.36.setA.IB-rep2-TMS13F1021P0008_228_plant_2,2022-21.GS.C2.UYT.36.setA.IB-rep2-TMS13F1021P0008_228,TMS13F1021P0008,228,6,,2,8,9,2,3,3,7,2,30,215,27.9,14.84,7.15,
2022-21.GS.C2.UYT.36.setA.IB-rep2-TMS13F1021P0008_228_plant_3,2022-21.GS.C2.UYT.36.setA.IB-rep2-TMS13F1021P0008_228,TMS13F1021P0008,228,6,,2,8,9,3,2,2,9,0,35,215,26.73,14.67,7.68,
2022-21.GS.C2.UYT.36.setA.IB-rep2-TMS13F1021P0008_228_plant_4,2022-21.GS.C2.UYT.36.setA.IB-rep2-TMS13F1021P0008_228,TMS13F1021P0008,228,6,,2,8,9,4,2,2,9,NA,25,210,26.46,15.18,7.82,
2022-21.GS.C2.UYT.36.setA.IB-rep2-TMS13F1021P0008_228_plant_5,2022-21.GS.C2.UYT.36.setA.IB-rep2-TMS13F1021P0008_228,TMS13F1021P0008,228,6,,2,8,9,5,3,3,5,3,30,195,22.76,13.84,7.86,
2022-21.GS.C2.UYT.36.setA.IB-rep2-TMS14F1310P0004_229_plant_1,2022-21.GS.C2.UYT.36.setA.IB-rep2-TMS14F1310P0004_229,TMS14F1310P0004,229,6,,2,8,8,1,2,0,6,NA,10,170,18.79,10.83,5.55,
2022-21.GS.C2.UYT.36.setA.IB-rep2-TMS14F1310P0004_229_plant_2,2022-21.GS.C2.UYT.36.setA.IB-rep2-TMS14F1310P0004_229,TMS14F1310P0004,229,6,,2,8,8,2,1,13,11,0,20,180,18.38,8.4,,
2022-21.GS.C2.UYT.36.setA.IB-rep2-TMS14F1310P0004_229_plant_3,2022-21.GS.C2.UYT.36.setA.IB-rep2-TMS14F1310P0004_229,TMS14F1310P0004,229,6,,2,8,8,3,2,2,9,0,15,190,20.38,14.12,7.05,
2022-21.GS.C2.UYT.36.setA.IB-rep2-TMS14F1310P0004_229_plant_4,2022-21.GS.C2.UYT.36.setA.IB-rep2-TMS14F1310P0004_229,TMS14F1310P0004,229,6,,2,8,8,4,2,22,0,2,15,180,18.49,11.24,5.62,
2022-21.GS.C2.UYT.36.setA.IB-rep2-TMS14F1310P0004_229_plant_5,2022-21.GS.C2.UYT.36.setA.IB-rep2-TMS14F1310P0004_229,TMS14F1310P0004,229,6,,2,8,8,5,2,23,2,2,20,165,18.26,11.94,5.85,
2022-21.GS.C2.UYT.36.setA.IB-rep2-TMEB419_230_plant_1,2022-21.GS.C2.UYT.36.setA.IB-rep2-TMEB419_230,TMEB419,230,6,1,2,8,7,1,1,0,3,2,35,210,22.34,8.21,,
2022-21.GS.C2.UYT.36.setA.IB-rep2-TMEB419_230_plant_2,2022-21.GS.C2.UYT.36.setA.IB-rep2-TMEB419_230,TMEB419,230,6,1,2,8,7,2,0,0,13,0,28,195,23.25,,,
2022-21.GS.C2.UYT.36.setA.IB-rep2-TMEB419_230_plant_3,2022-21.GS.C2.UYT.36.setA.IB-rep2-TMEB419_230,TMEB419,230,6,1,2,8,7,3,0,0,11,0,22,160,18.26,,,
2022-21.GS.C2.UYT.36.setA.IB-rep2-TMEB419_230_plant_4,2022-21.GS.C2.UYT.36.setA.IB-rep2-TMEB419_230,TMEB419,230,6,1,2,8,7,4,,,,,,,,,,
2022-21.GS.C2.UYT.36.setA.IB-rep2-TMEB419_230_plant_5,2022-21.GS.C2.UYT.36.setA.IB-rep2-TMEB419_230,TMEB419,230,6,1,2,8,7,5,,,,,,,,,,
2022-21.GS.C2.UYT.36.setA.IB-rep2-TMS14F1195P0005_231_plant_1,2022-21.GS.C2.UYT.36.setA.IB-rep2-TMS14F1195P0005_231,TMS14F1195P0005,231,6,,2,8,6,1,3,6,7,2,25,150,23.2,14.21,8.19,
2022-21.GS.C2.UYT.36.setA.IB-rep2-TMS14F1195P0005_231_plant_2,2022-21.GS.C2.UYT.36.setA.IB-rep2-TMS14F1195P0005_231,TMS14F1195P0005,231,6,,2,8,6,2,3,6,4,2,27,150,21.95,14.84,7.39,
2022-21.GS.C2.UYT.36.setA.IB-rep2-TMS14F1195P0005_231_plant_3,2022-21.GS.C2.UYT.36.setA.IB-rep2-TMS14F1195P0005_231,TMS14F1195P0005,231,6,,2,8,6,3,2,10,6,2,25,150,27.7,17.71,8.81,
2022-21.GS.C2.UYT.36.setA.IB-rep2-TMS14F1195P0005_231_plant_4,2022-21.GS.C2.UYT.36.setA.IB-rep2-TMS14F1195P0005_231,TMS14F1195P0005,231,6,,2,8,6,4,3,6,8,2,25,150,20.8,15.19,8.7,
2022-21.GS.C2.UYT.36.setA.IB-rep2-TMS14F1195P0005_231_plant_5,2022-21.GS.C2.UYT.36.setA.IB-rep2-TMS14F1195P0005_231,TMS14F1195P0005,231,6,,2,8,6,5,3,11,3,3,20,145,23.25,16.55,7.91,4
2022-21.GS.C2.UYT.36.setA.IB-rep2-IITA-TMS-IBA980581_232_plant_1,2022-21.GS.C2.UYT.36.setA.IB-rep2-IITA-TMS-IBA980581_232,IITA-TMS-IBA980581,232,6,1,2,8,5,1,0,0,12,0,20,95,15.4,,,
2022-21.GS.C2.UYT.36.setA.IB-rep2-IITA-TMS-IBA980581_232_plant_2,2022-21.GS.C2.UYT.36.setA.IB-rep2-IITA-TMS-IBA980581_232,IITA-TMS-IBA980581,232,6,1,2,8,5,2,0,0,15,0,30,145,22.57,,,
2022-21.GS.C2.UYT.36.setA.IB-rep2-IITA-TMS-IBA980581_232_plant_3,2022-21.GS.C2.UYT.36.setA.IB-rep2-IITA-TMS-IBA980581_232,IITA-TMS-IBA980581,232,6,1,2,8,5,3,0,0,14,0,25,150,25.57,,,
2022-21.GS.C2.UYT.36.setA.IB-rep2-IITA-TMS-IBA980581_232_plant_4,2022-21.GS.C2.UYT.36.setA.IB-rep2-IITA-TMS-IBA980581_232,IITA-TMS-IBA980581,232,6,1,2,8,5,4,,,,,,,,,,
2022-21.GS.C2.UYT.36.setA.IB-rep2-IITA-TMS-IBA980581_232_plant_5,2022-21.GS.C2.UYT.36.setA.IB-rep2-IITA-TMS-IBA980581_232,IITA-TMS-IBA980581,232,6,1,2,8,5,5,,,,,,,,,,
2022-21.GS.C2.UYT.36.setA.IB-rep2-TMS14F1035P0007_233_plant_1,2022-21.GS.C2.UYT.36.setA.IB-rep2-TMS14F1035P0007_233,TMS14F1035P0007,233,6,,2,8,4,1,0,0,12,0,20,130,14.3,0,,
2022-21.GS.C2.UYT.36.setA.IB-rep2-TMS14F1035P0007_233_plant_2,2022-21.GS.C2.UYT.36.setA.IB-rep2-TMS14F1035P0007_233,TMS14F1035P0007,233,6,,2,8,4,2,0,0,12,0,20,140,17.37,,,
2022-21.GS.C2.UYT.36.setA.IB-rep2-TMS14F1035P0007_233_plant_3,2022-21.GS.C2.UYT.36.setA.IB-rep2-TMS14F1035P0007_233,TMS14F1035P0007,233,6,,2,8,4,3,0,0,12,0,25,145,15.16,,,
2022-21.GS.C2.UYT.36.setA.IB-rep2-TMS14F1035P0007_233_plant_4,2022-21.GS.C2.UYT.36.setA.IB-rep2-TMS14F1035P0007_233,TMS14F1035P0007,233,6,,2,8,4,4,0,0,14,0,25,150,16.29,,,
2022-21.GS.C2.UYT.36.setA.IB-rep2-TMS14F1035P0007_233_plant_5,2022-21.GS.C2.UYT.36.setA.IB-rep2-TMS14F1035P0007_233,TMS14F1035P0007,233,6,,2,8,4,5,,0,0,2,20,145,18.3,8.3,,
2022-21.GS.C2.UYT.36.setA.IB-rep2-TMS14F1285P0017_234_plant_1,2022-21.GS.C2.UYT.36.setA.IB-rep2-TMS14F1285P0017_234,TMS14F1285P0017,234,6,,2,8,3,1,0,0,11,0,20,110,17.02,,,
2022-21.GS.C2.UYT.36.setA.IB-rep2-TMS14F1285P0017_234_plant_2,2022-21.GS.C2.UYT.36.setA.IB-rep2-TMS14F1285P0017_234,TMS14F1285P0017,234,6,,2,8,3,2,0,0,11,0,15,120,22.07,,,
2022-21.GS.C2.UYT.36.setA.IB-rep2-TMS14F1285P0017_234_plant_3,2022-21.GS.C2.UYT.36.setA.IB-rep2-TMS14F1285P0017_234,TMS14F1285P0017,234,6,,2,8,3,3,0,0,7,0,10,90,17.85,,,
2022-21.GS.C2.UYT.36.setA.IB-rep2-TMS14F1285P0017_234_plant_4,2022-21.GS.C2.UYT.36.setA.IB-rep2-TMS14F1285P0017_234,TMS14F1285P0017,234,6,,2,8,3,4,0,NA,8,NA,20,95,14.82,,,
2022-21.GS.C2.UYT.36.setA.IB-rep2-TMS14F1285P0017_234_plant_5,2022-21.GS.C2.UYT.36.setA.IB-rep2-TMS14F1285P0017_234,TMS14F1285P0017,234,6,,2,8,3,5,0,0,13,NA,15,115,18.84,,,
2022-21.GS.C2.UYT.36.setA.IB-rep2-IITA-TMS-IBA30572_235_plant_1,2022-21.GS.C2.UYT.36.setA.IB-rep2-IITA-TMS-IBA30572_235,IITA-TMS-IBA30572,235,6,1,2,8,2,1,2,8,8,2,25,140,19.25,8.74,,
2022-21.GS.C2.UYT.36.setA.IB-rep2-IITA-TMS-IBA30572_235_plant_2,2022-21.GS.C2.UYT.36.setA.IB-rep2-IITA-TMS-IBA30572_235,IITA-TMS-IBA30572,235,6,1,2,8,2,2,1,2,11,0,20,115,15.02,9.53,5.19,
2022-21.GS.C2.UYT.36.setA.IB-rep2-IITA-TMS-IBA30572_235_plant_3,2022-21.GS.C2.UYT.36.setA.IB-rep2-IITA-TMS-IBA30572_235,IITA-TMS-IBA30572,235,6,1,2,8,2,3,2,5,6,2,35,155,20.3,10.41,6.07,
2022-21.GS.C2.UYT.36.setA.IB-rep2-IITA-TMS-IBA30572_235_plant_4,2022-21.GS.C2.UYT.36.setA.IB-rep2-IITA-TMS-IBA30572_235,IITA-TMS-IBA30572,235,6,1,2,8,2,4,2,5,8,0,25,170,25.28,11.9,6.83,
2022-21.GS.C2.UYT.36.setA.IB-rep2-IITA-TMS-IBA30572_235_plant_5,2022-21.GS.C2.UYT.36.setA.IB-rep2-IITA-TMS-IBA30572_235,IITA-TMS-IBA30572,235,6,1,2,8,2,5,,,,,,,,,,
2022-21.GS.C2.UYT.36.setA.IB-rep2-TMS13F2207P0001_236_plant_1,2022-21.GS.C2.UYT.36.setA.IB-rep2-TMS13F2207P0001_236,TMS13F2207P0001,236,6,,2,8,1,1,1,6,9,0,15,150,15.34,6.67,,
2022-21.GS.C2.UYT.36.setA.IB-rep2-TMS13F2207P0001_236_plant_2,2022-21.GS.C2.UYT.36.setA.IB-rep2-TMS13F2207P0001_236,TMS13F2207P0001,236,6,,2,8,1,2,1,8,10,NA,20,165,15.74,8.33,,
2022-21.GS.C2.UYT.36.setA.IB-rep2-TMS13F2207P0001_236_plant_3,2022-21.GS.C2.UYT.36.setA.IB-rep2-TMS13F2207P0001_236,TMS13F2207P0001,236,6,,2,8,1,3,2,14,4,2,30,174,19.45,10.12,5.91,
2022-21.GS.C2.UYT.36.setA.IB-rep2-TMS13F2207P0001_236_plant_4,2022-21.GS.C2.UYT.36.setA.IB-rep2-TMS13F2207P0001_236,TMS13F2207P0001,236,6,,2,8,1,4,2,2,8,NA,15,195,23.97,14.64,14.64,6.1
2022-21.GS.C2.UYT.36.setA.IB-rep2-TMS13F2207P0001_236_plant_5,2022-21.GS.C2.UYT.36.setA.IB-rep2-TMS13F2207P0001_236,TMS13F2207P0001,236,6,,2,8,1,5,2,2,8,NA,25,175,23.81,13.54,6.04,