"accession_name","rep_number","plant_number","stem_nu","branching_point","branchpoint1_Fs","branchpoint2_Fs","branchpoint3_Fs","branchpoint4_Fs","branchpoint1_H","section1_H","section2_H","section3_H","plant_H","plant_H21","section1_Nod","section2_Nod","section3_Nod","section4_Nod","LlobesNo","Lob1L","Lob1W","Lob2L","Lob2W","Lob3L","Lob3W","stem_D","section1_D","section2_D","section3_D","New_nod"
"TMS14F1223P0007",1,1,3,2,2,2,NA,NA,50,NA,NA,NA,95,NA,11,1,NA,NA,6,11,4,12,4.6,11.9,4.7,10.68,6.24,NA,NA,NA
"TMS14F1223P0007",1,2,2,2,2,2,NA,NA,60,105,NA,NA,115,NA,21,5,NA,NA,7,14,5,16.5,5.5,14.5,5,18.7,10.97,4.2,NA,NA
"TMS14F1223P0007",1,3,NA,NA,NA,NA,NA,NA,NA,NA,NA,NA,NA,NA,NA,NA,NA,NA,NA,NA,NA,NA,NA,NA,NA,NA,NA,NA,NA,NA
"TMS14F1223P0007",1,4,2,2,2,2,NA,NA,60,105,NA,NA,125,NA,16,4,NA,NA,7,13,5,15.5,5.5,13.5,4.8,17.6,12.07,4.31,NA,NA
"TMS14F1223P0007",1,5,4,1,2,NA,NA,NA,100,NA,NA,NA,105,NA,3,NA,NA,NA,7,13.5,4,12,4.2,13,5,8.31,3.37,NA,NA,NA
"TMS14F1194P0002",1,1,4,1,3,NA,NA,NA,135,NA,NA,NA,150,NA,7,NA,NA,NA,9,16,7,14,5,12.5,4.5,18.99,7.6,NA,NA,NA
"TMS14F1194P0002",1,2,3,1,3,NA,NA,NA,100,NA,NA,NA,140,NA,12,NA,NA,NA,7,13,5,12,4.5,12.5,4.5,18.14,7.9,NA,NA,NA
"TMS14F1194P0002",1,3,4,1,2,NA,NA,NA,115,NA,NA,NA,135,NA,4,NA,NA,NA,9,16,5.3,15.5,5.5,13,4.6,13.28,9.79,NA,NA,NA
"TMS14F1194P0002",1,4,4,NA,NA,NA,NA,NA,NA,NA,NA,NA,155,NA,NA,NA,NA,NA,7,13,4,14.5,5,14.5,2,13.48,NA,NA,NA,NA
"TMS14F1194P0002",1,5,4,1,3,NA,NA,NA,145,NA,NA,NA,170,NA,3,NA,NA,NA,7,11.5,3.5,16,5,11.5,4,18.23,6.8,NA,NA,NA
"TMS14F1195P0005",1,1,1,2,2,3,NA,NA,25,90,NA,NA,140,NA,17,10,NA,NA,9,13.5,4.3,14.5,4.5,14.5,5,20.4,16.04,10.42,NA,NA
"TMS14F1195P0005",1,2,1,3,2,4,3,NA,25,85,160,NA,160,NA,28,6,NA,NA,7,13.5,4.5,11.5,3.6,11.5,3.7,27.8,21.33,17.82,9.94,NA
"TMS14F1195P0005",1,3,2,2,3,3,NA,NA,70,150,NA,NA,160,NA,28,2,NA,NA,9,13,4.4,13.5,4.4,14,4.5,23.43,16.47,8.85,NA,NA
"TMS14F1195P0005",1,4,3,2,3,3,NA,NA,60,140,NA,NA,165,NA,24,5,NA,NA,9,14.5,5,14,4.7,14,4.3,26.03,17.13,10.6,NA,NA
"TMS14F1195P0005",1,5,1,2,3,3,NA,NA,20,50,NA,NA,140,NA,18,20,NA,NA,9,14,4,15.5,4.8,13,3.8,24.69,11.28,15.01,NA,NA
"TMS14F1303P0012",1,1,5,2,3,2,NA,NA,90,185,NA,NA,205,NA,22,3,NA,NA,7,16,4.3,15.5,5,15,4.5,19.67,12.88,5.5,NA,NA
"TMS14F1303P0012",1,2,4,2,3,2,NA,NA,95,205,NA,NA,215,NA,22,2,NA,NA,7,17,5.6,14.5,4.5,14.5,4.3,21.33,12.44,6.86,NA,NA
"TMS14F1303P0012",1,3,2,2,2,2,NA,NA,100,205,NA,NA,225,NA,24,3,NA,NA,9,18,6,22,6.5,16,5,18.83,14.09,8.27,NA,NA
"TMS14F1303P0012",1,4,3,1,2,NA,NA,NA,160,NA,NA,NA,210,NA,7,NA,NA,NA,7,17.4,5.8,17,5,16.5,5,15.71,8.7,NA,NA,NA
"TMS14F1303P0012",1,5,5,1,2,NA,NA,NA,165,NA,NA,NA,210,NA,8,NA,NA,NA,7,17,5.4,15.5,4.8,17.5,5.5,15.17,8.71,NA,NA,NA
"TMS13F2207P0001",1,1,4,1,2,NA,NA,NA,140,NA,NA,NA,185,NA,8,NA,NA,NA,7,16.5,4.3,16,4,13,3.5,15.51,8.48,NA,NA,NA
"TMS13F2207P0001",1,2,3,2,2,3,NA,NA,105,190,NA,NA,200,NA,16,1,NA,NA,7,13,4,15.5,4,15,3.9,15.61,15.01,8.46,NA,NA
"TMS13F2207P0001",1,3,1,1,3,NA,NA,NA,125,NA,NA,NA,175,NA,14,NA,NA,NA,7,17,4.8,14,3.5,15,4,22.54,14.1,NA,NA,NA
"TMS13F2207P0001",1,4,2,2,3,3,NA,NA,105,175,NA,NA,200,NA,20,3,NA,NA,9,19,4.8,16,5,15.5,4.5,25.79,15.36,12.71,NA,NA
"TMS13F2207P0001",1,5,2,2,3,3,NA,NA,110,155,NA,NA,170,NA,23,2,NA,NA,7,13,3.5,17,4.4,16,4,21.45,13.15,6.59,NA,NA
"TMS14F1285P0017",1,1,5,NA,NA,NA,NA,NA,NA,NA,NA,NA,130,NA,NA,NA,NA,NA,7,14.5,4.5,15,5,14.5,4.3,14.92,NA,NA,NA,NA
"TMS14F1285P0017",1,2,3,NA,NA,NA,NA,NA,NA,NA,NA,NA,105,NA,NA,NA,NA,NA,7,14,4,16,4.5,15,4,14.65,NA,NA,NA,NA
"TMS14F1285P0017",1,3,3,NA,NA,NA,NA,NA,NA,NA,NA,NA,125,NA,NA,NA,NA,NA,7,15,4.3,17,5.5,13,4.5,19.18,NA,NA,NA,NA
"TMS14F1285P0017",1,4,5,NA,NA,NA,NA,NA,NA,NA,NA,NA,120,NA,NA,NA,NA,NA,7,16,4.5,14,4.4,13,4.5,18.45,NA,NA,NA,NA
"TMS14F1285P0017",1,5,4,NA,NA,NA,NA,NA,NA,NA,NA,NA,110,NA,NA,NA,NA,NA,7,14,4.5,13,4.3,13,4.5,17.26,NA,NA,NA,NA
"TMS14F1224P0004",1,1,2,3,2,3,3,NA,30,100,170,NA,180,NA,16,12,2,NA,7,14,4.5,12,3.4,16.3,5,22.84,17.53,12.31,3.96,NA
"TMS14F1224P0004",1,2,1,3,2,4,3,NA,35,60,75,NA,145,NA,15,10,2,NA,7,13,4,11,3,17,4.8,22.92,16.82,10.04,4.96,NA
"TMS14F1224P0004",1,3,3,2,2,3,NA,NA,60,115,NA,NA,145,NA,14,7,NA,NA,7,13,4,12,3.4,13,3.5,14.8,16.96,4.97,NA,NA
"TMS14F1224P0004",1,4,2,3,5,2,3,NA,35,100,140,NA,155,NA,14,10,NA,NA,7,13,4.5,13,3.8,11,3.1,17.23,13.65,8.69,4.89,NA
"TMS14F1224P0004",1,5,NA,NA,NA,NA,NA,NA,NA,NA,NA,NA,NA,NA,NA,NA,NA,NA,NA,NA,NA,NA,NA,NA,NA,NA,NA,NA,NA,NA
"IITA-TMS-IBA980581",1,1,3,1,4,NA,NA,NA,135,NA,NA,NA,160,NA,12,NA,NA,NA,7,13.5,6.5,19,6.4,20,7,22.58,12.36,NA,NA,NA
"IITA-TMS-IBA980581",1,2,2,1,3,NA,NA,NA,95,NA,NA,NA,160,NA,27,NA,NA,NA,9,18,6.5,18.5,6,17,6,28.1,16.42,NA,NA,NA
"IITA-TMS-IBA980581",1,3,4,NA,NA,NA,NA,NA,NA,NA,NA,NA,140,NA,NA,NA,NA,NA,7,18,6,18.5,5.9,18,5.8,17.58,NA,NA,NA,NA
"IITA-TMS-IBA980581",1,4,1,NA,NA,NA,NA,NA,NA,NA,NA,NA,140,NA,NA,NA,NA,NA,7,17,5.7,17.5,6.2,18,6,19.86,NA,NA,NA,NA
"IITA-TMS-IBA980581",1,5,1,2,3,4,NA,NA,70,135,NA,NA,175,NA,15,24,NA,NA,7,18,6,17,5.5,15,5.5,32.21,13.71,14.83,NA,NA
"TMS14F1016P0006",1,1,1,1,2,NA,NA,NA,75,NA,NA,NA,95,NA,5,NA,NA,NA,7,13,4.5,13.5,4.4,13.5,5,15.91,NA,NA,NA,NA
"TMS14F1016P0006",1,2,2,1,2,NA,NA,NA,90,NA,NA,NA,115,NA,8,NA,NA,8,9,14.5,5,14,5.3,12,4.5,15.92,NA,NA,NA,NA
"TMS14F1016P0006",1,3,4,1,3,NA,NA,NA,105,NA,NA,NA,120,NA,6,NA,NA,NA,7,13,5,12,4.5,13,5,14.47,6.39,NA,NA,NA
"TMS14F1016P0006",1,4,1,1,3,NA,NA,NA,100,NA,NA,NA,140,NA,10,NA,NA,NA,9,16.5,6,15,5,15.5,5,28.34,9.86,NA,NA,NA
"TMS14F1016P0006",1,5,3,1,3,NA,NA,NA,95,NA,NA,NA,105,NA,2,NA,NA,NA,6,13,4,11.5,4,13,4.5,14.6,5.15,NA,NA,NA
"TMS14F1300P0008",1,1,2,1,4,NA,NA,NA,90,NA,NA,NA,140,NA,14,NA,NA,NA,9,16.5,4.5,16,5,17,5,22.06,8.45,NA,NA,NA
"TMS14F1300P0008",1,2,3,1,2,NA,NA,NA,100,NA,NA,NA,110,NA,2,NA,NA,NA,7,13,4,12,4,12.5,4,11.73,6.9,NA,NA,NA
"TMS14F1300P0008",1,3,3,1,3,NA,NA,NA,70,NA,NA,NA,130,NA,18,NA,NA,NA,9,15.5,5,14.5,5.8,14,4.5,19.65,10.35,NA,NA,NA
"TMS14F1300P0008",1,4,2,1,3,NA,NA,NA,110,NA,NA,NA,150,NA,11,NA,NA,NA,9,16,5,16.4,5,15,4.3,17.31,10.56,NA,NA,NA
"TMS14F1300P0008",1,5,2,2,2,3,NA,NA,60,125,NA,NA,160,NA,17,6,NA,NA,7,16.5,5.4,14.5,5.7,14,5,21.11,16.07,9.36,NA,NA
"TMS13F2061P0005",1,1,3,1,3,NA,NA,NA,110,NA,NA,NA,135,NA,6,NA,NA,NA,7,14,4.5,14,4,13.5,4,13.58,5.64,NA,NA,NA
"TMS13F2061P0005",1,2,3,1,2,NA,NA,NA,105,NA,NA,NA,140,NA,8,NA,NA,NA,7,11,3,12.5,3.8,12,4,14.12,7.83,NA,NA,NA
"TMS13F2061P0005",1,3,3,2,3,3,NA,NA,95,150,NA,NA,170,NA,20,3,NA,NA,7,13.5,4,14,4.3,15,4.5,19.93,12.31,9.11,NA,NA
"TMS13F2061P0005",1,4,1,2,3,3,NA,NA,100,165,NA,NA,170,NA,23,3,NA,NA,7,14.5,5,11.6,4.8,13,4.5,31.82,14,5.8,NA,NA
"TMS13F2061P0005",1,5,6,1,2,NA,NA,NA,130,NA,NA,NA,155,NA,5,NA,NA,NA,7,14,4,13.5,4,13,4,14.38,7.9,NA,NA,NA
"TMS13F1461P0002",1,1,3,1,2,NA,NA,NA,105,NA,NA,NA,135,NA,5,NA,NA,NA,7,16,4.3,16.3,3.8,14.6,3.7,14.67,8.61,NA,NA,NA
"TMS13F1461P0002",1,2,2,1,2,NA,NA,NA,70,140,NA,NA,140,NA,21,NA,NA,NA,7,14.5,3.2,16.3,4,16,3.5,20.97,12.35,6.8,NA,NA
"TMS13F1461P0002",1,3,2,1,3,NA,NA,NA,85,NA,NA,NA,130,NA,15,NA,NA,NA,7,15,3.5,15,3.6,15.5,3.6,20.21,10.08,NA,NA,NA
"TMS13F1461P0002",1,4,3,2,3,4,NA,NA,75,160,NA,NA,165,NA,23,4,NA,NA,4,15.5,3.5,16.5,4,14.5,3.9,23.71,16.17,6.61,NA,NA
"TMS13F1461P0002",1,5,4,2,3,2,NA,NA,80,155,NA,NA,165,NA,19,1,NA,NA,7,16.5,4.5,16,5,15.5,4,19.37,11.82,5.8,NA,NA
"TMS14F1001P0004",1,1,2,1,2,NA,NA,NA,115,NA,NA,NA,155,NA,8,NA,NA,NA,7,16,4.5,15,4.5,13,4,16.46,9.93,NA,NA,NA
"TMS14F1001P0004",1,2,1,2,3,3,NA,NA,90,150,NA,NA,165,NA,18,6,NA,NA,7,13,4,13,4,11.5,3.6,23.54,14.81,6.66,NA,NA
"TMS14F1001P0004",1,3,2,2,2,2,NA,NA,90,170,NA,NA,190,NA,18,5,NA,NA,7,14,4,14,4.1,13.5,3.9,19.36,12.9,8.37,NA,NA
"TMS14F1001P0004",1,4,1,2,3,3,NA,NA,80,170,NA,NA,180,NA,21,9,NA,NA,7,15.5,4.4,16,5,15,4,23.55,16.37,9.43,NA,NA
"TMS14F1001P0004",1,5,3,1,2,NA,NA,NA,120,NA,NA,NA,165,NA,10,NA,NA,NA,7,13.5,4,13.5,4.1,12,3.8,15.58,8.67,NA,NA,NA
"TMS14F1049P0001",1,1,5,1,3,NA,NA,NA,120,NA,NA,NA,190,NA,20,NA,NA,NA,7,14,4.5,14.5,4.6,13.5,4,20.81,12.3,NA,NA,NA
"TMS14F1049P0001",1,2,7,1,3,NA,NA,NA,120,NA,NA,NA,180,NA,8,NA,NA,NA,7,13,5,14.5,4,15.5,5,12.48,6.54,NA,NA,NA
"TMS14F1049P0001",1,3,3,2,3,3,NA,NA,90,190,NA,NA,215,NA,23,4,NA,NA,7,16.5,4.5,17,5.7,18,5.5,23.96,15.29,6.69,NA,NA
"TMS14F1049P0001",1,4,5,1,4,NA,NA,NA,105,NA,NA,NA,195,NA,19,NA,NA,NA,7,14.5,4.7,14.5,4.7,12,4.3,18.99,12.73,NA,NA,NA
"TMS14F1049P0001",1,5,2,2,3,3,NA,NA,100,185,NA,NA,205,NA,22,3,NA,NA,7,14.5,4.6,14.3,5,14.5,4.8,23.93,14.05,6.57,NA,NA
"TMS14F1022P0006",1,1,4,NA,NA,NA,NA,NA,NA,NA,NA,NA,170,NA,NA,NA,NA,NA,9,14,5.3,13.5,4.5,13,4.5,14.45,NA,NA,NA,NA
"TMS14F1022P0006",1,2,4,1,3,NA,NA,NA,120,NA,NA,NA,175,NA,13,NA,NA,NA,9,15,5,13,5,14,5.4,17.47,10.75,NA,NA,NA
"TMS14F1022P0006",1,3,3,2,3,4,NA,NA,95,200,NA,NA,220,NA,26,5,NA,NA,9,14.5,4.5,16,5.7,18,6,23.7,14.43,8.37,NA,NA
"TMS14F1022P0006",1,4,3,1,3,NA,NA,NA,155,NA,NA,NA,170,NA,3,NA,NA,NA,9,13,4,12.5,4.5,13,4.7,17.46,6.26,NA,NA,NA
"TMS14F1022P0006",1,5,1,2,3,3,NA,NA,90,180,NA,NA,195,NA,27,3,NA,NA,9,15,5,15,5.8,13,5.2,23.5,16.08,4.31,NA,NA
"TMS14F1262P0002",1,1,3,2,3,2,NA,NA,60,130,140,NA,140,NA,26,6,NA,NA,9,14,4,15,4,14.5,4,24.41,16.09,7.12,NA,NA
"TMS14F1262P0002",1,2,2,1,3,NA,NA,NA,90,135,NA,NA,150,NA,12,NA,NA,NA,7,14.5,4.3,13.7,4.4,15,4.6,18.24,1.58,NA,NA,NA
"TMS14F1262P0002",1,3,3,2,3,2,NA,NA,60,110,140,NA,135,NA,23,3,NA,NA,7,12.5,3.4,13,3.5,14.5,3,22.08,17.71,8.74,NA,NA
"TMS14F1262P0002",1,4,2,2,3,3,NA,NA,50,110,140,NA,145,NA,26,10,NA,NA,7,13,3,18.5,3.5,13.5,3.2,25.06,16.17,8.91,NA,NA
"TMS14F1262P0002",1,5,3,1,3,NA,NA,NA,105,130,NA,NA,155,NA,7,NA,NA,NA,9,13,3.1,12,3.4,15,4.3,18.86,10.37,NA,NA,NA
"TMS14F1297P0019",1,1,3,1,2,NA,NA,NA,98,105,NA,NA,110,NA,2,NA,NA,NA,7,11,2.9,11,3.5,12.5,3.3,13.48,5.08,NA,NA,NA
"TMS14F1297P0019",1,2,3,1,2,NA,NA,NA,80,130,NA,NA,140,NA,20,NA,NA,NA,9,14,4.5,13,3.6,13,4,13.41,10.58,NA,NA,NA
"TMS14F1297P0019",1,3,3,NA,NA,NA,NA,NA,NA,NA,NA,NA,105,NA,NA,NA,NA,NA,7,11.5,2.9,13,3.8,13,4,13.86,NA,NA,NA,NA
"TMS14F1297P0019",1,4,2,NA,NA,NA,NA,NA,NA,NA,NA,NA,130,NA,NA,NA,NA,NA,7,12,3.8,12.5,4.6,13,4.1,16.61,NA,NA,NA,NA
"TMS14F1297P0019",1,5,2,1,2,NA,NA,NA,113,128,NA,NA,145,NA,6,NA,NA,NA,7,14,4.5,16,4.2,10.5,3,17.37,8.2,NA,NA,NA
"TMS14F1131P0001",1,1,2,2,3,2,NA,NA,65,137,145,NA,150,NA,19,2,NA,NA,7,12.5,4,11,4,13.5,4,19.01,12.55,4.43,NA,NA
"TMS14F1131P0001",1,2,1,2,3,2,NA,NA,60,128,140,NA,150,NA,19,1,NA,NA,7,13.7,4.2,12,4.1,11,3.5,22.56,11.11,4.2,NA,NA
"TMS14F1131P0001",1,3,1,2,3,2,NA,NA,55,125,135,NA,155,NA,19,5,NA,NA,7,14.5,4.2,10,5.1,11,5,24.66,13.71,4.34,NA,NA
"TMS14F1131P0001",1,4,1,2,3,2,NA,NA,65,150,165,NA,165,NA,21,1,NA,NA,7,13,4.5,12,3.3,13,4.2,20.76,14.26,3.07,NA,NA
"TMS14F1131P0001",1,5,1,2,2,3,NA,NA,72,140,155,NA,165,NA,22,3,NA,NA,7,15,5,14.5,4,14,4.5,21.76,14.55,5.45,NA,NA
"IITA-TMS-IBA000070",1,1,2,1,2,NA,NA,NA,65,100,NA,NA,110,NA,20,NA,NA,NA,7,13.5,4,12.5,3,11,2.9,15.58,8.94,NA,NA,NA
"IITA-TMS-IBA000070",1,2,2,1,3,NA,NA,NA,75,125,NA,NA,130,NA,26,NA,NA,NA,7,13,3,12,2.5,11,2.5,21.09,11.6,NA,NA,NA
"IITA-TMS-IBA000070",1,3,1,1,3,NA,NA,NA,80,130,NA,NA,145,NA,30,NA,NA,NA,7,14.5,3,16,5.2,15,5.5,22.26,13.98,NA,NA,NA
"IITA-TMS-IBA000070",1,4,3,1,2,NA,NA,NA,65,100,NA,NA,110,NA,18,NA,NA,NA,7,11,2.5,12,3.5,12,3.2,15.25,8.91,NA,NA,NA
"IITA-TMS-IBA000070",1,5,1,1,2,NA,NA,NA,85,130,NA,NA,140,NA,28,NA,NA,NA,7,14,4,15,4.5,16,4.5,20.91,13.25,NA,NA,NA
"IITA-TMS-IBA982101",1,1,2,1,3,NA,NA,NA,105,135,NA,NA,155,NA,13,NA,NA,NA,9,13.5,4,12,5,11,4.2,20.4,11.69,NA,NA,NA
"IITA-TMS-IBA982101",1,2,2,1,2,NA,NA,NA,90,140,NA,NA,165,NA,20,NA,NA,NA,9,14,4,16,5.5,17,5.1,20.98,15.45,NA,NA,NA
"IITA-TMS-IBA982101",1,3,1,NA,NA,NA,NA,NA,NA,NA,NA,NA,140,NA,NA,NA,NA,NA,9,14.5,5,12,4.2,13,4,15.54,NA,NA,NA,NA
"IITA-TMS-IBA982101",1,4,2,1,2,NA,NA,NA,70,145,NA,NA,165,NA,25,NA,NA,NA,9,13,5,12,4.1,11,3.5,21.35,14.47,NA,NA,NA
"IITA-TMS-IBA982101",1,5,3,2,3,2,NA,NA,80,150,165,NA,180,NA,22,1,NA,NA,9,13,5,14,5,13.5,5.4,23.51,15.86,6.52,NA,NA
"IITA-TMS-IBA30572",1,1,2,2,3,4,NA,NA,75,115,NA,NA,195,NA,25,NA,NA,NA,7,12,3.5,12,4,14,4,26.56,18.08,5.45,NA,NA
"IITA-TMS-IBA30572",1,2,3,1,3,NA,NA,NA,105,140,NA,NA,155,NA,9,NA,NA,NA,7,14,3.5,11,3.2,11,2.5,14.85,10.94,NA,NA,NA
"IITA-TMS-IBA30572",1,3,2,2,3,2,NA,NA,90,165,NA,NA,180,NA,19,NA,NA,NA,7,15,3.5,13.5,3,13,3.2,25.41,13.4,NA,NA,NA
"IITA-TMS-IBA30572",1,4,1,1,2,3,3,NA,95,160,180,NA,185,NA,22,3,NA,NA,7,16,5.5,15,4.5,15,4,25.87,18.52,8.52,NA,NA
"IITA-TMS-IBA30572",1,5,1,1,4,NA,NA,NA,100,140,NA,NA,155,NA,13,NA,NA,NA,7,12,3.8,11,4.5,12.5,4.5,20.18,12.05,NA,NA,NA
"TMS13F1114P0001",1,1,6,2,3,3,NA,NA,70,155,190,NA,200,NA,23,7,NA,NA,7,15.5,4,14,3.5,14.5,3.2,21,14.43,7.52,NA,NA
"TMS13F1114P0001",1,2,5,2,2,2,NA,NA,80,155,185,NA,200,NA,18,7,NA,NA,7,15.5,3,14.5,4,13,3.8,18.71,13.23,7.28,NA,NA
"TMS13F1114P0001",1,3,4,2,2,3,NA,NA,85,165,185,NA,205,NA,23,2,NA,NA,7,15,4,15.5,4.2,16,5.5,19.79,16.18,6.76,NA,NA
"TMS13F1114P0001",1,4,4,2,3,3,NA,NA,70,170,195,NA,205,NA,18,4,NA,NA,7,14,3.9,13.5,3.9,14,3.5,18.9,13.09,5.57,NA,NA
"TMS13F1114P0001",1,5,3,2,3,3,NA,NA,75,170,185,NA,195,NA,17,2,NA,NA,7,14,4,14.5,3.5,11,3,21.63,12.35,5.47,NA,NA
"TMEB419",1,1,2,1,3,NA,NA,NA,140,170,NA,NA,190,NA,9,NA,NA,NA,7,18,6,18,5,17.5,4.5,21.99,11.35,NA,NA,NA
"TMEB419",1,2,2,1,3,NA,NA,NA,140,175,NA,NA,180,NA,10,NA,NA,NA,7,19,4.5,16,3.9,17,4.8,21.64,10.97,NA,NA,NA
"TMEB419",1,3,2,1,2,NA,NA,NA,150,165,NA,NA,160,NA,2,NA,NA,NA,7,15,3.5,14,4,15,4.3,19.87,7.74,NA,NA,NA
"TMEB419",1,4,1,3,2,3,3,NA,10,95,160,200,200,NA,18,20,8,NA,9,14.5,6,18,6.5,17,6,27.18,16.67,17.39,10.96,NA
"TMEB419",1,5,3,NA,NA,NA,NA,NA,NA,NA,NA,NA,210,NA,NA,NA,NA,NA,7,18,5.5,19,6,18,5,21.18,NA,NA,NA,NA
"TMS14F1036P0007",1,1,3,2,2,2,NA,NA,75,115,140,NA,180,NA,23,6,NA,NA,7,15.5,4,15,4.5,15.5,4,20.29,12.9,7.72,NA,NA
"TMS14F1036P0007",1,2,3,2,2,2,NA,NA,85,162,177,NA,195,NA,21,3,NA,NA,7,16.5,5,16,4.5,16,5,19.15,12.33,7.11,NA,NA
"TMS14F1036P0007",1,3,3,2,2,3,NA,NA,90,165,190,NA,205,NA,27,3,NA,NA,7,13,3.5,14,3.5,14,4,20.34,12.19,5.87,NA,NA
"TMS14F1036P0007",1,4,3,1,2,NA,NA,NA,115,165,NA,NA,185,NA,13,NA,NA,NA,7,13,3.8,15,4.5,14,4.7,17.59,10.36,NA,NA,NA
"TMS14F1036P0007",1,5,2,1,2,NA,NA,NA,80,155,NA,NA,180,NA,22,NA,NA,NA,7,14.5,4,14,4,13.5,4,19.45,11.83,NA,NA,NA
"TMS14F1312P0003",1,1,3,1,2,NA,NA,NA,110,160,NA,NA,185,NA,17,NA,NA,NA,7,13.5,4.5,12.5,4,13,3.5,19.01,8.81,NA,NA,NA
"TMS14F1312P0003",1,2,3,2,2,2,NA,NA,90,165,NA,NA,185,NA,3,NA,NA,NA,7,15.5,4,13,4,13.5,4,22.23,14.91,8.91,NA,NA
"TMS14F1312P0003",1,3,3,1,2,NA,NA,NA,118,148,NA,NA,160,NA,8,NA,NA,NA,7,15,4.2,14,5,13,4.3,12.51,7.7,NA,NA,NA
"TMS14F1312P0003",1,4,4,1,2,NA,NA,NA,115,160,NA,NA,185,NA,16,NA,NA,NA,7,14.5,4,15.5,5,17,5.5,17.77,11.89,NA,NA,NA
"TMS14F1312P0003",1,5,4,1,2,NA,NA,NA,130,160,NA,NA,175,NA,7,NA,NA,NA,7,15,4.4,13,4.3,14.5,4.6,16.18,7.88,NA,NA,NA
"TMS14F1035P0004",1,1,6,2,2,2,NA,NA,70,140,150,NA,160,NA,13,2,NA,NA,6,11.5,4.3,11,4,10,3.5,9.77,5.95,3.34,NA,NA
"TMS14F1035P0004",1,2,2,2,3,3,NA,NA,50,120,155,NA,170,NA,18,13,NA,NA,6,13.5,5,12,4.5,13,4.5,21.54,15.37,7.71,NA,NA
"TMS14F1035P0004",1,3,2,2,3,3,NA,NA,60,120,155,NA,185,NA,13,12,NA,NA,7,12.5,4.5,12.45,4.3,10,4,22.91,14.41,6.84,NA,NA
"TMS14F1035P0004",1,4,3,2,2,3,NA,NA,50,115,170,NA,170,NA,16,11,NA,NA,7,12.5,4,11.5,4,11,4,16.62,14.59,7.45,NA,NA
"TMS14F1035P0004",1,5,2,1,2,NA,NA,NA,85,130,NA,NA,150,NA,10,NA,NA,NA,7,14.5,5,13,4.5,13,5,14.2,7.49,NA,NA,NA
"TMS14F1120P0003",1,1,1,2,3,3,NA,NA,65,130,165,NA,190,NA,23,9,NA,NA,7,13,3.5,14,4.5,15,4.3,22.14,14.6,8.12,NA,NA
"TMS14F1120P0003",1,2,2,2,2,2,NA,NA,50,115,135,NA,150,NA,18,3,NA,NA,7,15,4,13.5,3,13,3.3,15.58,10.47,6.46,NA,NA
"TMS14F1120P0003",1,3,3,2,2,2,NA,NA,55,105,125,NA,140,NA,18,2,NA,NA,7,11.5,3,11,3.5,12,3.4,15.14,10.83,6.08,NA,NA
"TMS14F1120P0003",1,4,5,2,3,3,NA,NA,60,115,145,NA,155,NA,20,9,NA,NA,7,16,4.5,14,3.5,15,3.9,22.14,15.57,9.1,NA,NA
"TMS14F1120P0003",1,5,NA,NA,NA,NA,NA,NA,NA,NA,NA,NA,NA,NA,NA,NA,NA,NA,NA,NA,NA,NA,NA,NA,NA,NA,NA,NA,NA,NA
"TMS14F1306P0015",1,1,1,1,3,NA,NA,NA,85,145,NA,NA,165,NA,23,NA,NA,NA,7,19,5.5,17,5.3,17.3,5.4,23.41,13.3,NA,NA,NA
"TMS14F1306P0015",1,2,1,2,3,2,NA,NA,90,160,NA,NA,175,NA,27,NA,NA,NA,9,17,5.5,17,4.8,18,5.5,22.2,12.84,15.94,NA,NA
"TMS14F1306P0015",1,3,3,NA,NA,NA,NA,NA,NA,NA,NA,NA,140,NA,NA,NA,NA,NA,7,15,4.5,16,4,14.5,4,16.28,NA,NA,NA,NA
"TMS14F1306P0015",1,4,3,NA,NA,NA,NA,NA,NA,NA,NA,NA,165,NA,NA,NA,NA,NA,7,17,5,16.5,5.3,17.5,5,18.92,NA,8,8,NA
"TMS14F1306P0015",1,5,2,NA,NA,NA,NA,NA,NA,NA,NA,NA,150,NA,NA,NA,NA,NA,7,13,3.5,13,3.6,14,4,13.19,NA,NA,NA,NA
"TMS14F1306P0020",1,1,2,1,2,NA,NA,NA,135,NA,NA,NA,160,NA,1,NA,NA,NA,7,19,5.5,16,4.5,16,4.9,15.18,5.85,NA,NA,NA
"TMS14F1306P0020",1,2,1,1,3,NA,NA,NA,120,NA,NA,NA,165,NA,3,NA,NA,NA,7,19,5.5,18,4.9,17,5,17.93,9.35,NA,NA,NA
"TMS14F1306P0020",1,3,3,1,2,NA,NA,NA,125,155,NA,NA,170,NA,7,NA,NA,NA,7,19,5,22,6,19,5.3,19.52,10.76,NA,NA,NA
"TMS14F1306P0020",1,4,4,NA,NA,NA,NA,NA,NA,NA,NA,NA,180,NA,NA,NA,NA,NA,7,17.5,5,18,5.5,18,4.5,14.09,NA,NA,NA,NA
"TMS14F1306P0020",1,5,4,1,2,NA,NA,NA,155,170,NA,NA,190,NA,1,NA,NA,NA,9,17.5,7.3,17,5,20.5,5.5,15.9,6.59,NA,NA,NA
"TMS13F1021P0008",1,1,2,2,2,3,NA,NA,55,145,175,NA,200,NA,18,8,NA,NA,7,15,5,17,6,16,4.8,21.56,15.23,8.32,NA,NA
"TMS13F1021P0008",1,2,2,1,3,NA,NA,NA,105,175,NA,NA,195,NA,11,NA,NA,NA,7,16,4.8,15,4.5,14,4.7,17.13,9.07,NA,NA,NA
"TMS13F1021P0008",1,3,5,2,2,3,NA,NA,85,175,195,NA,210,NA,17,2,NA,NA,7,16,5.8,16,5.5,15.5,4.9,20.75,13.5,7.6,NA,NA
"TMS13F1021P0008",1,4,3,1,2,NA,NA,NA,95,180,NA,NA,200,NA,15,NA,NA,NA,7,15,4.7,15,4.5,14.6,3.9,16.17,9.87,NA,NA,NA
"TMS13F1021P0008",1,5,4,1,2,NA,NA,NA,140,165,NA,NA,180,NA,4,NA,NA,NA,7,17,5,13,4.5,16.5,4.7,11.79,7.91,NA,NA,NA
"TMS13F1182P0002",1,1,3,2,3,2,NA,NA,120,190,NA,NA,220,NA,22,2,NA,NA,7,14.5,4.3,15,4.5,14,5,19.88,11.36,3.97,NA,NA
"TMS13F1182P0002",1,2,2,2,2,2,NA,NA,120,215,NA,NA,240,NA,23,4,NA,NA,7,15,5,17,4.5,16,5,21.89,15.89,8.61,NA,NA
"TMS13F1182P0002",1,3,2,2,3,2,NA,NA,100,175,NA,NA,200,NA,23,3,NA,NA,7,13,3.5,13,3.6,14,3.9,20.97,13.32,9.49,NA,NA
"TMS13F1182P0002",1,4,2,2,2,2,NA,8,120,205,NA,NA,225,NA,21,6,NA,NA,7,18,4.5,17,5.4,17.5,6,23.9,19.82,8.87,NA,NA
"TMS13F1182P0002",1,5,3,1,2,NA,NA,NA,105,182,NA,NA,195,NA,21,NA,NA,NA,7,13,3.5,15,4,15,4,17.27,12.54,NA,NA,NA
"TMS14F1035P0007",1,1,6,1,2,NA,NA,NA,150,NA,NA,NA,185,NA,10,NA,NA,NA,7,15,4.2,14,3.9,13,3.5,16.97,13.67,NA,NA,NA
"TMS14F1035P0007",1,2,1,2,3,2,NA,NA,100,170,NA,NA,190,NA,28,4,NA,NA,7,11.5,3.5,10,3,13,4,24.49,16.98,9.64,NA,NA
"TMS14F1035P0007",1,3,4,2,3,2,NA,NA,110,185,NA,NA,195,NA,23,NA,NA,NA,9,16,4.3,15,4.2,14.5,4,23.16,13.43,4.46,NA,NA
"TMS14F1035P0007",1,4,5,1,3,NA,NA,NA,120,NA,NA,NA,155,NA,9,NA,NA,9,7,12.5,3.8,13,4,10,3,17.41,13.26,NA,NA,NA
"TMS14F1035P0007",1,5,3,2,3,2,NA,NA,105,175,NA,NA,180,NA,21,NA,NA,NA,7,14,3,14,3.2,12,3.5,21.15,14.2,4.45,NA,NA
"TMS14F1310P0004",1,1,1,2,2,3,NA,NA,50,100,225,NA,135,NA,24,4,NA,NA,7,15,4,15.4,4.5,16,5,23.7,16.99,8,NA,NA
"TMS14F1310P0004",1,2,2,2,3,3,NA,NA,50,125,NA,133,160,NA,27,10,NA,NA,7,18,4.5,17,4.3,17.5,5,33.58,19.87,11.44,NA,NA
"TMS14F1310P0004",1,3,3,2,3,2,NA,NA,55,115,NA,NA,130,NA,20,3,NA,NA,7,15.5,4,16.3,9,14,3.7,25.28,19.85,7.65,NA,NA
"TMS14F1310P0004",1,4,2,2,3,2,NA,NA,65,120,NA,NA,140,NA,23,5,NA,NA,9,17,4,16,4,17,4.5,25.36,15.99,7.74,NA,NA
"TMS14F1310P0004",1,5,NA,NA,NA,NA,NA,NA,NA,NA,NA,NA,NA,NA,NA,NA,NA,NA,NA,NA,NA,NA,NA,NA,NA,NA,NA,NA,NA,NA
"TMS14F1291P0011",1,1,4,NA,NA,NA,NA,NA,NA,NA,NA,NA,115,NA,NA,NA,NA,NA,7,15,5,14.5,5,15,4.9,15.58,NA,NA,NA,NA
"TMS14F1291P0011",1,2,4,1,2,NA,NA,NA,90,NA,NA,NA,115,NA,10,NA,NA,NA,7,13,4,12.5,4.5,13,4,14.59,7.83,NA,NA,NA
"TMS14F1291P0011",1,3,2,1,3,NA,NA,NA,90,NA,NA,NA,115,NA,8,NA,NA,NA,9,14.5,5.2,14,5,12.5,4.5,17.6,7.11,NA,NA,NA
"TMS14F1291P0011",1,4,3,NA,NA,NA,NA,NA,NA,NA,NA,NA,105,NA,NA,NA,NA,NA,7,15,4.9,13,4.3,14,4.5,16.3,NA,NA,NA,NA
"TMS14F1291P0011",1,5,5,NA,NA,NA,NA,NA,NA,NA,NA,NA,115,NA,NA,NA,NA,NA,7,14,5,15,5,14,4.5,14.78,NA,NA,NA,NA
"TMS14F1311P0002",1,1,1,3,2,3,2,NA,25,65,135,NA,145,NA,17,27,2,NA,9,11,4,11,3.9,13,4.5,22.94,19.28,11.03,4.2,NA
"TMS14F1311P0002",1,2,3,1,2,NA,NA,NA,65,NA,NA,NA,115,NA,26,NA,NA,NA,7,11,4,11.2,3.9,13,4.5,18.34,10.6,NA,NA,NA
"TMS14F1311P0002",1,3,4,1,2,NA,NA,NA,65,NA,NA,NA,105,NA,15,NA,NA,NA,7,9,3.5,8.5,3,9,4,14.45,10.06,NA,NA,NA
"TMS14F1311P0002",1,4,4,1,2,NA,NA,NA,95,NA,NA,NA,110,NA,6,NA,NA,NA,9,12.5,4,12,4,12.2,4,13.85,9.66,NA,NA,NA
"TMS14F1311P0002",1,5,3,3,2,2,2,NA,20,80,130,NA,120,NA,17,27,3,NA,9,10,3.5,11,4,11.5,3.5,20.79,19.71,14.6,8.03,NA
"TMS14F1208P0007",1,1,1,2,3,3,NA,NA,45,100,NA,NA,110,NA,18,3,NA,NA,7,12,5,13.5,4,13,3.5,17.2,10.89,3.38,NA,NA
"TMS14F1208P0007",1,2,2,1,3,NA,NA,NA,90,NA,NA,NA,105,NA,4,NA,NA,NA,7,14.5,4.5,15,4,14.2,3.8,17.32,5.96,NA,NA,NA
"TMS14F1208P0007",1,3,3,2,3,3,NA,NA,75,130,NA,NA,135,NA,14,3,NA,NA,7,12.5,3.8,11.5,3.7,10.5,3.6,17.93,9.37,4.49,NA,NA
"TMS14F1208P0007",1,4,2,2,3,2,NA,NA,55,110,NA,NA,125,NA,16,4,NA,NA,7,15,4.6,14,4.5,13.2,4,17.42,11.42,4.77,NA,NA
"TMS14F1208P0007",1,5,2,1,3,NA,NA,NA,80,NA,NA,NA,130,NA,14,NA,NA,NA,9,16,5.2,15,4.3,15.5,4.5,17.26,9.61,NA,NA,NA
"TMS14F1224P0004",2,1,NA,3,NA,NA,NA,NA,40,105,155,NA,180,180,NA,NA,NA,NA,NA,17,4.7,12.5,4.3,11.3,3.3,NA,17.15,8.72,4.13,5
"TMS14F1224P0004",2,2,2,3,NA,NA,NA,NA,40,105,155,NA,175,175,17,16,5,NA,7,17,4.4,12.5,4.3,11.3,3.3,19.4,17.15,8.72,4.13,4
"TMS14F1224P0004",2,3,1,3,2,3,3,NA,35,105,165,NA,185,160,7,12,2,NA,7,19,5,14.2,4.5,13.5,4.5,22.5,16.55,7.55,NA,NA
"TMS14F1224P0004",2,4,1,3,3,3,3,NA,25,100,155,NA,167,170,15,13,2,NA,7,13,4.2,11.3,3.9,11,3.5,23.4,14.43,6.43,NA,NA
"TMS14F1224P0004",2,5,1,3,2,3,2,NA,35,110,160,NA,175,175,14,14,2,NA,7,16,4.6,11.9,3.8,11.1,3.5,21.4,15.94,7.05,NA,4
"TMS13F1114P0001",2,1,5,1,2,NA,NA,NA,85,NA,NA,NA,135,140,15,NA,NA,NA,7,12.5,3.7,15.4,4,11.3,3,14.45,7.26,NA,NA,8
"TMS13F1114P0001",2,2,2,2,2,3,NA,NA,85,140,NA,NA,135,145,14,2,NA,NA,7,18,4.4,15,3.7,13.1,3.3,17.9,9.28,NA,NA,7
"TMS13F1114P0001",2,3,2,2,3,3,NA,NA,75,140,NA,NA,165,150,18,2,NA,NA,7,18.7,4.8,15,4.4,12.5,3.1,18.9,10.59,4.68,NA,8
"TMS13F1114P0001",2,4,3,2,2,2,NA,NA,67,125,NA,NA,140,145,17,3,NA,NA,7,17.3,4,12.3,3.7,13.5,3.1,20.85,8.25,5.06,NA,9
"TMS13F1114P0001",2,5,3,2,2,3,NA,NA,70,130,NA,NA,150,155,16,4,NA,NA,7,17.3,4.4,14,3.9,14.5,3.3,14.85,9.64,4.84,NA,9
"TMS14F1035P0004",2,1,4,2,2,3,NA,NA,65,145,NA,NA,195,180,20,11,NA,NA,7,15.3,5.4,15.1,5.4,13.6,4.7,19.39,11.7,5.06,NA,NA
"TMS14F1035P0004",2,2,2,2,3,3,NA,NA,60,140,NA,NA,185,195,24,12,NA,NA,7,17,5.5,14,4.4,11.9,4.5,25.21,13.44,6.9,NA,NA
"TMS14F1035P0004",2,3,2,2,3,3,NA,NA,70,145,NA,NA,190,185,21,8,NA,NA,8,13.1,4.6,13,4.6,11,4.3,21.99,13.12,5.93,NA,3
"TMS14F1035P0004",2,4,3,3,3,4,3,NA,50,130,190,NA,205,195,18,15,3,NA,7,13.9,4.5,15.8,5.7,12.5,4.5,22.3,14.75,7.71,NA,6
"TMS14F1035P0004",2,5,4,2,3,3,NA,NA,95,170,NA,NA,200,205,18,4,NA,NA,7,13.1,4.7,13.1,4.5,11.4,4.4,18.49,9.27,4.29,NA,7
"TMS14F1194P0002",2,1,3,1,2,NA,NA,NA,160,NA,NA,NA,215,215,6,NA,NA,NA,7,20.1,606,17.1,5.9,13.8,5.7,21.19,10.17,NA,NA,11
"TMS14F1194P0002",2,2,3,1,3,NA,NA,NA,125,NA,NA,NA,195,205,11,NA,NA,NA,7,18.5,6.5,16.7,6.2,15.3,6,20.61,10.14,NA,NA,11
"TMS14F1194P0002",2,3,2,1,2,NA,NA,NA,160,NA,NA,NA,200,215,NA,NA,NA,NA,7,17.3,6.1,17,6,15.1,5.2,19.05,8.8,NA,NA,12
"TMS14F1194P0002",2,4,4,1,3,NA,NA,NA,150,NA,NA,NA,215,240,12,NA,NA,NA,7,20.9,6.9,18.9,7,16.4,6.7,21.33,10.24,NA,NA,8
"TMS14F1194P0002",2,5,3,1,2,NA,NA,NA,130,NA,NA,NA,210,220,17,NA,NA,NA,7,19.2,5.2,16.9,6.5,17.4,6.7,24.22,12.44,NA,NA,14
"TMS14F1036P0007",2,1,3,2,3,2,NA,NA,80,155,NA,NA,215,255,30,NA,NA,NA,7,18,5.5,17.6,5.5,16,4.2,26.45,18.04,7.35,NA,10
"TMS14F1036P0007",2,2,3,1,2,3,2,NA,70,145,200,NA,210.3,260,24,13,2,NA,7,18,6,18,5.8,17,5,25.76,12.89,7.15,NA,12
"TMS14F1036P0007",2,3,4,2,3,2,NA,NA,120,185,NA,NA,200,255,14,2,NA,NA,7,16.8,4.5,13.7,3.8,14.1,4.13,14.66,7.94,NA,NA,10
"TMS14F1036P0007",2,4,2,2,3,3,NA,NA,95,175,NA,NA,210,265,19,8,NA,NA,7,17.3,5.1,16.6,4.9,14.9,4.6,19.6,10.39,NA,NA,6
"TMS14F1036P0007",2,5,3,2,3,3,NA,NA,85,175,NA,NA,220,250,19,8,NA,NA,7,19.9,5.8,15.6,4.7,14.7,4.3,19.65,10.36,NA,NA,12
"TMS14F1208P0007",2,1,2,2,3,3,NA,NA,80,155,NA,NA,210,225,21,11,NA,NA,7,50,4.5,60,4.8,15.5,4.7,22,NA,NA,NA,NA
"TMS14F1208P0007",2,2,1,3,3,3,3,NA,60,145,205,NA,220,220,25,14,NA,NA,7,18.8,5.5,16.4,4.7,15.5,4.5,29.45,20.09,NA,NA,5
"TMS14F1208P0007",2,3,4,2,3,3,NA,NA,82,155,NA,NA,210,220,16,19,NA,NA,7,18.2,5.2,14.3,4.5,13.5,5.4,20.68,10.46,6.26,NA,NA
"TMS14F1208P0007",2,4,2,2,3,3,NA,NA,95,175,NA,NA,205,220,17,7,NA,NA,7,17.9,4.5,16.5,5,17,4.3,30.5,10.13,6.05,NA,5
"TMS14F1208P0007",2,5,3,2,3,3,NA,NA,85,180,NA,NA,225,220,15,6,NA,NA,7,17.6,5,15.5,5,14.9,4.5,20.45,10.73,6.51,NA,3
"TMS14F1022P0006",2,1,2,2,3,3,NA,NA,100,170,NA,NA,185,190,19,3,NA,NA,7,16,5.8,13.5,4.5,13.4,4.8,19.18,8.79,NA,NA,8
"TMS14F1022P0006",2,2,1,1,3,NA,NA,NA,115,NA,NA,NA,160,175,11,NA,NA,NA,8,12.5,4.7,12.9,4.1,17.7,6.6,16.55,7.69,NA,NA,6
"TMS14F1022P0006",2,3,3,1,3,NA,NA,NA,110.5,NA,NA,NA,115,165,12,NA,NA,NA,8,16.4,5.7,13.1,4.4,17.7,6.7,16.05,6.77,NA,NA,12
"TMS14F1022P0006",2,4,3,1,3,NA,NA,NA,105,NA,NA,NA,150,165,13,NA,NA,NA,7,15.2,4.8,11.9,4.1,9.6,3.6,13.69,4.87,NA,NA,NA
"TMS14F1022P0006",2,5,4,2,3,3,NA,NA,95,160,NA,NA,175,180,21,3,NA,NA,8,19.6,6.7,15.8,5.1,13.9,5.1,19.99,9.57,NA,NA,6
"TMS14F1001P0004",2,1,1,2,3,3,NA,NA,90,140,NA,NA,165,175,18,4,NA,NA,7,15.7,4.3,14.9,3.8,14,4.2,19.11,9.65,6.22,NA,8
"TMS14F1001P0004",2,2,1,2,3,2,NA,NA,90,140,NA,NA,160,170,17,2,NA,NA,7,18.1,5.6,16.3,4.5,16.3,4.6,18.78,9.84,3.56,NA,7
"TMS14F1001P0004",2,3,1,2,3,3,NA,NA,80,135,NA,NA,165,175,21,6,NA,NA,7,17.6,4.8,15.3,4.4,15.2,4.4,21.96,12.36,6.71,NA,4
"TMS14F1001P0004",2,4,4,2,2,3,NA,NA,75,125.3,NA,NA,145.2,160,20,4,NA,NA,7,19.4,5.3,17.8,4.9,14.2,3.9,18.45,10.73,5.45,NA,7
"TMS14F1001P0004",2,5,2,2,3,2,NA,NA,80,140,NA,NA,195,230,22,10,NA,NA,7,16,4.9,15.2,4.3,13.9,3.9,20.93,11.88,6.58,NA,NA
"TMS14F1297P0019",2,1,2,1,2,NA,NA,NA,110,NA,NA,NA,155,170,11,NA,NA,NA,7,17.7,5.2,17.7,5.3,18.6,5.3,17.76,10.22,NA,NA,7
"TMS14F1297P0019",2,2,1,1,2,NA,NA,NA,125,NA,NA,NA,135.3,150,3,NA,NA,NA,7,15.9,4.8,17.3,4.9,18.7,5.4,15.88,4.85,NA,NA,9
"TMS14F1297P0019",2,3,6,NA,NA,NA,NA,NA,NA,NA,NA,NA,125,145,NA,NA,NA,NA,7,13.6,3.8,13.9,4.5,15,4.2,12.91,NA,NA,NA,10
"TMS14F1297P0019",2,4,3,1,3,NA,NA,NA,115,NA,NA,NA,155,160,17,NA,NA,NA,7,20.5,5.8,17.9,5,15.4,5.1,18.81,10.66,NA,NA,7
"TMS14F1297P0019",2,5,2,2,3,3,NA,NA,95,155,NA,NA,175,165,26,NA,NA,NA,7,21.3,5.7,19.9,5.9,15.7,4.3,27.14,13.46,NA,NA,6
"TMS14F1291P0011",2,1,3,NA,NA,NA,NA,NA,NA,NA,NA,NA,115,95,NA,NA,NA,NA,6,15.4,4.8,12.3,4.5,15.3,4.9,15.53,NA,NA,NA,8
"TMS14F1291P0011",2,2,5,1,2,NA,NA,NA,80,NA,NA,NA,100,100,6,NA,NA,NA,7,13.7,4.4,12.9,4.3,14.2,5.2,14.68,16.15,NA,NA,9
"TMS14F1291P0011",2,3,2,NA,NA,NA,NA,NA,NA,NA,NA,NA,90,100,NA,NA,NA,NA,7,16.2,5.1,10.5,4.4,16.3,5.3,15.77,NA,NA,NA,10
"TMS14F1291P0011",2,4,4,8,NA,NA,NA,NA,NA,NA,NA,NA,95,95,NA,NA,NA,NA,7,14.5,4.5,15.5,5.1,15.9,5.1,12.66,NA,NA,NA,12
"TMS14F1291P0011",2,5,2,8,NA,NA,NA,NA,NA,NA,NA,NA,85,80,NA,NA,NA,NA,7,13.3,4.3,14.7,4.8,14.6,4.7,13.26,NA,NA,NA,10
"TMS14F1120P0003",2,1,2,2,2,3,NA,NA,70,120,NA,NA,130,155,20,3,NA,NA,7,14.9,3.3,13.2,2.2,13.2,3.4,15.32,8.84,NA,NA,10
"TMS14F1120P0003",2,2,2,2,3,3,NA,NA,55,115,NA,NA,150,165,25,11,NA,NA,7,17.3,4.8,14.8,4.4,15.2,4.2,25.71,6.73,NA,NA,3
"TMS14F1120P0003",2,3,3,2,2,2,NA,NA,60,120,NA,NA,150,160,20,5,NA,NA,7,15.1,3.6,14.1,4.2,15.1,4.4,17.69,10.39,6.15,NA,10
"TMS14F1120P0003",2,4,NA,NA,NA,NA,NA,NA,NA,NA,NA,NA,NA,NA,NA,NA,NA,NA,NA,NA,NA,NA,NA,NA,NA,NA,NA,NA,NA,NA
"TMS14F1120P0003",2,5,NA,NA,NA,NA,NA,NA,NA,NA,NA,NA,NA,NA,NA,NA,NA,NA,NA,NA,NA,NA,NA,NA,NA,NA,NA,NA,NA,NA
"TMS14F1306P0015",2,1,3,1,2,NA,NA,NA,125,NA,NA,NA,155,165,7,NA,NA,NA,8,19.9,5.9,17.4,4.9,18.3,5.8,18.85,9.74,NA,NA,10
"TMS14F1306P0015",2,2,2,1,3,NA,NA,NA,105,NA,NA,NA,155,160,18,NA,NA,NA,8,17.9,4.9,16.7,4.6,14.8,4.8,19.2,10.41,NA,NA,10
"TMS14F1306P0015",2,3,3,NA,NA,NA,NA,NA,NA,NA,NA,NA,175,175,NA,NA,NA,NA,8,17.8,5.8,17.7,4.9,17.8,4.9,19.1,NA,NA,NA,15
"TMS14F1306P0015",2,4,4,1,3,NA,NA,NA,95,NA,NA,NA,165.3,175,31,NA,NA,NA,8,19.9,5.8,17.9,5.2,16.3,4.4,22.13,13.59,NA,NA,2
"TMS14F1306P0015",2,5,NA,NA,NA,NA,NA,NA,NA,NA,NA,NA,NA,NA,NA,NA,NA,NA,NA,NA,NA,NA,NA,NA,NA,NA,NA,NA,NA,NA
"TMS14F1016P0006",2,1,3,2,3,3,NA,NA,115,170,NA,NA,185,200,20,5,NA,NA,7,21.2,7.4,17.8,6.5,16.2,5.9,25.02,11.64,5.08,NA,5
"TMS14F1016P0006",2,2,3,1,3,NA,NA,NA,115,NA,NA,NA,135,155,5,NA,NA,NA,7,18.4,6.3,19.5,6.6,14.7,5.3,22.95,6.17,NA,NA,7
"TMS14F1016P0006",2,3,1,1,4,NA,NA,NA,95,NA,NA,NA,145,150,15,NA,NA,NA,7,19.8,6.3,15.9,5.3,13.9,4.9,18.25,7.4,NA,NA,NA
"TMS14F1016P0006",2,4,2,1,2,NA,NA,NA,115,NA,NA,NA,145,160,6,NA,NA,NA,7,14.3,5.5,14.7,5.1,14.3,4.9,16.58,6.36,NA,NA,6
"TMS14F1016P0006",2,5,3,1,3,NA,NA,NA,125,NA,NA,NA,155,160,8,NA,NA,NA,7,17.9,6.7,6.9,6,15.5,5.5,16.71,6.04,NA,NA,4
"TMS14F1312P0003",2,1,3,1,2,NA,NA,NA,140.3,NA,NA,NA,190,210,12,NA,NA,NA,7,14.1,3.8,11.9,3.9,14.7,4.3,17.81,8.2,NA,NA,9
"TMS14F1312P0003",2,2,4,2,2,2,NA,NA,100,180,NA,NA,200,210,26,2,NA,NA,7,14.4,5.1,14.4,4.6,17.2,5.3,21.03,11.11,NA,NA,8
"TMS14F1312P0003",2,3,7,1,2,NA,NA,NA,140,NA,NA,NA,205,220,17,NA,NA,NA,7,17.4,4.8,16.7,4.8,16.8,4.8,19.65,9.68,NA,NA,6
"TMS14F1312P0003",2,4,2,2,2,2,NA,NA,110,185,NA,NA,210,225,24,3,NA,NA,7,18.6,4.9,17.8,5.1,16.7,4.8,22.59,13.79,NA,NA,12
"TMS14F1312P0003",2,5,2,1,3,NA,NA,NA,115,NA,NA,NA,185,210,20,NA,NA,NA,7,16.3,4.7,13.2,4.3,13.3,4.8,24.93,10.04,NA,NA,3
"TMS14F1262P0002",2,1,2,2,3,2,NA,NA,75,125,NA,NA,150,160,25,11,NA,NA,8,15.5,5.2,17.5,5.1,19.5,5.4,24.64,14.58,9.23,NA,10
"TMS14F1262P0002",2,2,1,1,3,NA,NA,NA,80,NA,NA,NA,140,150,20,NA,NA,NA,7,16.4,4.5,16.5,4.1,12.5,3.3,22.31,8.6,NA,NA,6
"TMS14F1262P0002",2,3,1,2,3,2,NA,NA,70,130,NA,NA,145,160,26,2,NA,NA,8,14.6,4.1,15.5,4.3,15.8,4.6,23.01,21.73,10.88,NA,10
"TMS14F1262P0002",2,4,NA,NA,NA,NA,NA,NA,NA,NA,NA,NA,NA,NA,NA,NA,NA,NA,NA,NA,NA,NA,NA,NA,NA,NA,NA,NA,NA,NA
"TMS14F1262P0002",2,5,NA,NA,NA,NA,NA,NA,NA,NA,NA,NA,NA,NA,NA,NA,NA,NA,NA,NA,NA,NA,NA,NA,NA,NA,NA,NA,NA,NA
"TMS14F1131P0001",2,1,2,2,3,3,NA,NA,85,160.3,NA,NA,190,195,19,5,NA,NA,7,17.2,5.2,14.8,4.6,16.7,5.4,21.12,12.82,4.91,NA,6
"TMS14F1131P0001",2,2,1,2,3,4,NA,NA,65,160,NA,NA,205,210,24,10,NA,NA,7,17.8,6.3,18.7,5.9,20.4,6,25.56,17.27,8.31,NA,3
"TMS14F1131P0001",2,3,2,2,3,3,NA,NA,70,145,NA,NA,190,205,22,8,NA,NA,7,14.3,5.3,16.4,5.1,16.3,4.8,21.12,13.47,7.39,NA,4
"TMS14F1131P0001",2,4,2,2,3,3,NA,NA,70,160,NA,NA,185,205,18,6,NA,NA,7,16.4,4.6,13.8,4.4,15.4,4.8,19.46,12.29,3.58,NA,6
"TMS14F1131P0001",2,5,3,1,3,NA,NA,NA,120,NA,NA,NA,155,230,11,NA,NA,NA,7,15.3,4.3,NA,NA,NA,NA,NA,NA,NA,NA,3
"TMS14F1049P0001",2,1,4,1,3,NA,NA,NA,100,NA,NA,NA,150,170,10,NA,NA,NA,7,13.43,5.3,15.2,4.6,13.43,4.3,14.5,7.92,NA,NA,5
"TMS14F1049P0001",2,2,3,2,2,2,NA,NA,95,145.3,NA,NA,160,165,19,2,NA,NA,7,16.2,4.7,13.7,4.1,12.5,4.2,16.48,8.54,NA,NA,5
"TMS14F1049P0001",2,3,3,1,2,NA,NA,NA,115,NA,NA,NA,170,180,16,NA,NA,NA,7,15.3,4.5,15.3,4.6,14.7,4.5,17.02,8.45,NA,NA,NA
"TMS14F1049P0001",2,4,5,1,2,NA,NA,NA,130,NA,NA,NA,155,170,7,NA,NA,NA,7,15.8,4.6,14.5,4.3,9.5,3.1,14.09,4.09,NA,NA,7
"TMS14F1049P0001",2,5,6,1,3,NA,NA,NA,140,NA,NA,NA,160,165,5,NA,NA,NA,7,16,4.5,12,3.5,11.4,4,14.48,9.63,NA,NA,7
"TMS13F1461P0002",2,1,3,1,2,NA,NA,NA,100,NA,NA,NA,120,125,5,NA,NA,NA,7,14.5,3.5,14,3.1,11.4,2.6,16,5.88,NA,NA,7
"TMS13F1461P0002",2,2,4,1,2,NA,NA,NA,75,NA,NA,NA,127,125,19,NA,NA,NA,7,19.5,4.8,14.6,2.7,12.4,4.6,16.16,7.8,NA,NA,8
"TMS13F1461P0002",2,3,1,1,2,NA,NA,NA,65,NA,NA,NA,110,120,18,NA,NA,NA,7,19.7,4.5,13.4,3.4,12.4,2.5,19.8,8.6,NA,NA,NA
"TMS13F1461P0002",2,4,3,2,2,2,NA,NA,100,155,NA,NA,165,165,22,2,NA,NA,7,22.2,5.3,21.4,3.2,14.4,3.1,24.71,12.96,NA,NA,6
"TMS13F1461P0002",2,5,2,2,3,3,NA,NA,90,155,NA,NA,170,170,23,2,NA,NA,7,17.8,4.3,16.1,4.2,12.4,3,24.36,12.07,NA,NA,8
"TMS14F1300P0008",2,1,2,2,2,3,NA,NA,85,168,NA,NA,190,195,20,5,NA,NA,9,21,6.5,14.2,5.9,15.8,4.9,24,14.8,5.2,NA,6
"TMS14F1300P0008",2,2,1,1,3,NA,NA,NA,110,NA,NA,NA,150,160,9,NA,NA,NA,9,13.9,3.5,14,4.5,10.3,3.8,18.37,8.07,NA,NA,7
"TMS14F1300P0008",2,3,2,2,2,3,NA,NA,40,120,NA,NA,160,160,19,12,NA,NA,9,15.6,4.9,13.5,4.4,11.3,3.7,22.9,14.56,6.45,NA,NA
"TMS14F1300P0008",2,4,NA,NA,NA,NA,NA,NA,NA,NA,NA,NA,NA,NA,NA,NA,NA,NA,NA,NA,NA,NA,NA,NA,NA,NA,NA,NA,NA,NA
"TMS14F1300P0008",2,5,NA,NA,NA,NA,NA,NA,NA,NA,NA,NA,NA,NA,NA,NA,NA,NA,NA,NA,NA,NA,NA,NA,NA,NA,NA,NA,NA,NA
"TMS14F1303P0012",2,1,2,1,2,NA,NA,NA,80,NA,NA,NA,155,160,21,NA,NA,NA,8,18,5.5,16.6,4.4,14,3.8,16.72,9.27,NA,NA,9
"TMS14F1303P0012",2,2,5,1,2,NA,NA,NA,85,NA,NA,NA,140,150,16,NA,NA,NA,7,18,5.2,15.5,4.6,16.3,4.6,17.78,10.27,NA,NA,NA
"TMS14F1303P0012",2,3,2,1,3,NA,NA,NA,85,NA,NA,NA,145,155,17,NA,NA,NA,7,16.9,4.5,15,4.5,14.3,4.3,20.05,7.76,NA,NA,1
"TMS14F1303P0012",2,4,3,1,2,NA,NA,NA,98,NA,NA,NA,140,150,11,NA,NA,NA,7,16.7,4.8,13.5,4.2,14.2,4.2,14.79,8.02,NA,NA,2
"TMS14F1303P0012",2,5,2,1,2,NA,NA,NA,85,NA,NA,NA,135,140,10,NA,NA,NA,7,16.7,4.9,15.8,4.7,15.8,4.5,16.6,8.97,NA,NA,3
"TMS13F2061P0005",2,1,1,2,3,3,NA,NA,55,120,NA,NA,175,180,24,11,NA,NA,9,17.6,5.3,15.1,4.5,12.9,3.9,30.17,18.1,9.39,NA,4
"TMS13F2061P0005",2,2,1,2,3,3,NA,NA,50,130,NA,NA,150,160,18,4,NA,NA,9,17.5,5.3,20.5,3.8,11.9,3.6,25.88,11.79,5.15,NA,7
"TMS13F2061P0005",2,3,1,2,3,3,NA,NA,50,135,NA,NA,160,170,21,3,NA,NA,7,15.4,4.9,13.8,4.5,14.2,4.3,20.34,11.03,4.83,NA,6
"TMS13F2061P0005",2,4,1,2,3,3,NA,NA,45,110,NA,NA,180,185,19,15,NA,NA,9,18,6.5,17.8,5,13.9,4.2,24.66,20.17,9.38,NA,NA
"TMS13F2061P0005",2,5,2,2,3,3,NA,NA,55,120,NA,NA,155,165,19,9,NA,NA,9,16.5,5.2,13.9,4.4,12.5,3.6,23.9,13.58,6.92,NA,5
"TMS13F1182P0002",2,1,1,2,3,2,NA,NA,118,195,NA,NA,220,230,25,6,NA,NA,7,17.8,5.2,19,5.2,18.3,5,24.3,13.7,7.64,NA,11
"TMS13F1182P0002",2,2,2,2,2,3,NA,NA,130,190,NA,NA,205,220,23,1,NA,NA,7,21.5,5.9,16.5,4.8,18,5.5,18.7,11.59,4.39,NA,3
"TMS13F1182P0002",2,3,4,2,2,2,NA,NA,100,170,NA,NA,185,185,19,1,NA,NA,7,18.5,5,15.6,4.3,15.6,4.2,17.11,10.46,4.4,NA,7
"TMS13F1182P0002",2,4,2,2,2,2,NA,NA,85,170,NA,NA,185,200,23,5,NA,NA,7,18,5,17.1,4.9,17,4.7,19.45,12.32,6.52,NA,8
"TMS13F1182P0002",2,5,4,1,2,NA,NA,NA,173,NA,NA,NA,190,195,2,NA,NA,NA,7,17,5,15.9,4.5,15.1,4.7,14.61,5.47,NA,NA,8
"TMS14F1223P0007",2,1,2,2,2,2,NA,NA,45,105,NA,NA,165,165,15,11,NA,NA,7,14.3,5.4,12.4,4.8,14.5,4.9,19.45,11.68,6.43,NA,9
"TMS14F1223P0007",2,2,2,2,2,3,NA,NA,70,140,NA,NA,175,175,15,5,NA,NA,7,14.5,5.4,15.1,5.7,13.5,5,18.65,9.87,5.35,NA,4
"TMS14F1223P0007",2,3,3,2,2,3,NA,NA,60,130,NA,NA,160,170,12,6,NA,NA,7,16.7,5.4,15.1,5.6,14.9,5.4,15.28,9.17,5.35,NA,4
"TMS14F1223P0007",2,4,1,2,3,3,NA,NA,60,127,NA,NA,180,180,17,6,NA,NA,7,17.3,5.8,15.1,5.5,12,4.4,16.6,7.27,6.1,NA,4
"TMS14F1223P0007",2,5,3,1,2,NA,NA,NA,125,NA,NA,NA,160,170,6,NA,NA,NA,7,17.5,5.6,14.5,5,13.4,4.9,19.45,12.33,6.52,NA,5
"TMS14F1311P0002",2,1,3,1,2,NA,NA,NA,125,NA,NA,NA,190,190,13,NA,NA,NA,9,13.2,4.5,15.2,5.3,14.9,5,17.56,10.49,NA,NA,12
"TMS14F1311P0002",2,2,3,2,3,3,NA,NA,75,150,NA,NA,170,170,22,1,NA,NA,9,12.1,5.1,12.8,4.1,12.5,4,19.31,11.04,NA,NA,8
"TMS14F1311P0002",2,3,3,1,3,NA,NA,NA,80,NA,NA,NA,165,165,26,NA,NA,NA,9,12.5,4.5,14.2,4.4,13.5,4.5,17.45,10.2,NA,NA,12
"TMS14F1311P0002",2,4,2,2,3,2,NA,NA,85,155,NA,NA,190,177,23,6,NA,NA,9,13.5,4.9,12.5,4.4,12.4,4.5,21.74,13.22,7.73,NA,10
"TMS14F1311P0002",2,5,1,1,2,NA,NA,NA,124,NA,NA,NA,160,163,11,NA,NA,NA,9,13.7,4.6,10.9,4.9,13.7,4.9,15.27,9.02,NA,NA,12
"IITA-TMS-IBA000070",2,1,1,1,2,NA,NA,NA,105,NA,NA,NA,140,150,8,NA,NA,NA,7,17.3,4.3,16.3,4.5,14.1,4.5,18.45,7.27,NA,NA,11
"IITA-TMS-IBA000070",2,2,3,1,2,NA,NA,NA,110,NA,NA,NA,155,170,12,NA,NA,NA,7,17.4,4.3,11.3,3.1,15.6,4.2,15.51,8.67,NA,NA,6
"IITA-TMS-IBA000070",2,3,2,2,2,2,NA,NA,75,130,NA,NA,170,170,21,3,NA,NA,7,15,3.7,15.3,4.3,15.5,4,18.32,9.66,4.12,NA,9
"IITA-TMS-IBA000070",2,4,6,2,2,2,NA,NA,65,135,NA,NA,170,180,20,7,NA,NA,7,17.5,4.6,15.3,3.9,14.5,4.1,18.46,10.27,6.5,NA,7
"IITA-TMS-IBA000070",2,5,4,2,3,2,NA,NA,108,160,NA,NA,180,195,26,5,NA,NA,7,23,5.8,16,4.5,15.9,4.2,20.94,12.58,7.04,NA,11
"IITA-TMS-IBA982101",2,1,2,1,2,NA,NA,NA,100,NA,NA,NA,140,150,9,NA,NA,NA,9,17,5,12,3.9,13,4.5,18.11,9.42,NA,NA,9
"IITA-TMS-IBA982101",2,2,1,1,2,NA,NA,NA,95,NA,NA,NA,170,170,17,NA,NA,NA,9,19,5.5,15.2,4.6,17.4,5.7,22.17,12.8,NA,NA,4
"IITA-TMS-IBA982101",2,3,1,1,3,NA,NA,NA,98,NA,NA,NA,175,165,14,NA,NA,NA,9,18,6,14.3,5,17.6,5.9,22.27,12.22,NA,NA,10
"IITA-TMS-IBA982101",2,4,2,1,2,NA,NA,NA,92,NA,NA,NA,150,180,20,NA,NA,NA,9,17.5,5.4,15.7,5.6,16,5.2,22.84,12.76,NA,NA,9
"IITA-TMS-IBA982101",2,5,2,1,3,NA,NA,NA,95,NA,NA,NA,150,150,14,NA,NA,NA,9,15,5.4,14.4,5,16.2,5.3,18.87,9.14,NA,NA,8
"TMS14F1306P0020",2,1,2,1,2,NA,NA,NA,140,NA,NA,NA,175,190,6,NA,NA,NA,9,20.7,5.9,17.9,4.9,19.5,6,17.12,10.8,NA,NA,9
"TMS14F1306P0020",2,2,4,1,2,NA,NA,NA,160,NA,NA,NA,200,210,6,NA,NA,NA,9,20.5,4.4,21.7,5.8,19.5,6,16.34,10.34,NA,NA,10
"TMS14F1306P0020",2,3,2,NA,NA,NA,NA,NA,NA,NA,NA,NA,165,175,NA,NA,NA,NA,7,17.5,5.5,20,6,21,5.7,14.36,NA,NA,NA,9
"TMS14F1306P0020",2,4,3,1,2,NA,NA,NA,110,NA,NA,NA,195,215,17,NA,NA,NA,9,22.5,6,19.1,5.5,17.3,5.4,24.3,13.21,NA,NA,6
"TMS14F1306P0020",2,5,2,NA,NA,NA,NA,NA,NA,NA,NA,NA,180,195,NA,NA,NA,NA,9,19,5.4,18,5.1,18.2,5,15.37,NA,NA,NA,9
"TMS13F1021P0008",2,1,2,1,2,NA,NA,NA,118,NA,NA,NA,175,185,8,NA,NA,NA,7,17.2,5,15.4,4.9,14.5,4.6,15.15,8.42,NA,NA,9
"TMS13F1021P0008",2,2,1,2,3,3,NA,NA,90,170,NA,NA,210,215,20,3,NA,NA,9,25,7.2,17.5,5.5,17.4,4.7,26.64,12.47,5.33,NA,7
"TMS13F1021P0008",2,3,1,2,2,3,NA,NA,95,175,NA,NA,215,215,21,2,NA,NA,9,21.4,6.5,16.3,5.1,18.1,5.2,22.85,12.7,6.41,NA,9
"TMS13F1021P0008",2,4,2,2,2,2,NA,NA,95,185,NA,NA,205,210,21,1,NA,NA,8,22,6.2,17.1,5.1,16.2,4.5,24.15,13.5,6.11,NA,9
"TMS13F1021P0008",2,5,5,2,3,3,NA,NA,80,160,NA,NA,185,195,17,2,NA,NA,7,16.3,4.9,16.3,5,13.1,3.7,19.38,NA,6.44,NA,5
"TMS14F1310P0004",2,1,3,1,2,NA,NA,NA,100,NA,NA,NA,170,170,21,NA,NA,NA,7,17.5,14.9,16.1,4.2,15.5,14.3,17.25,9.9,3.45,NA,6
"TMS14F1310P0004",2,2,2,1,2,NA,NA,NA,130,NA,NA,NA,175,180,13,NA,NA,NA,7,18.3,4.7,14.2,4,13,4.1,17.01,8.31,NA,NA,11
"TMS14F1310P0004",2,3,2,2,2,2,NA,NA,110,180,NA,NA,200,190,22,2,NA,NA,7,20.9,4.9,16.8,4.7,14.7,4.1,19.57,12.56,5.46,NA,9
"TMS14F1310P0004",2,4,3,1,2,NA,NA,NA,110,NA,NA,NA,170,180,21,NA,NA,NA,7,15,4.6,14.6,4.7,13.9,3.9,16.9,9.15,NA,NA,NA
"TMS14F1310P0004",2,5,2,1,2,NA,NA,NA,90,NA,NA,NA,150,165,21,NA,NA,NA,7,18.4,5,15.3,4.3,15.3,4.4,17.3,9.29,NA,NA,2
"TMEB419",2,1,3,NA,NA,NA,NA,NA,NA,NA,NA,NA,195,210,NA,NA,NA,NA,7,22.5,6.4,20,5.7,18.5,5.1,21.26,NA,NA,NA,3
"TMEB419",2,2,2,NA,NA,NA,NA,NA,NA,NA,NA,NA,180,195,NA,NA,NA,NA,7,22,5.9,17.3,5.5,18.3,4.3,20.49,NA,NA,NA,13
"TMEB419",2,3,2,NA,NA,NA,NA,NA,NA,NA,NA,NA,150,160,NA,NA,NA,NA,7,16.2,4.1,17.2,4.5,17.5,4.6,15.25,NA,NA,NA,11
"TMEB419",2,4,NA,NA,NA,NA,NA,NA,NA,NA,NA,NA,NA,NA,NA,NA,NA,NA,NA,NA,NA,NA,NA,NA,NA,NA,NA,NA,NA,NA
"TMEB419",2,5,NA,NA,NA,NA,NA,NA,NA,NA,NA,NA,NA,NA,NA,NA,NA,NA,NA,NA,NA,NA,NA,NA,NA,NA,NA,NA,NA,NA
"TMS14F1195P0005",2,1,2,2,3,3,NA,NA,55,120,NA,NA,145,150,18,3,NA,NA,7,15.5,5.2,15.9,4.3,12.9,4,21.7,12.56,6.73,NA,7
"TMS14F1195P0005",2,2,2,2,3,3,NA,NA,45,100,NA,NA,150,150,16,6,NA,NA,9,15.5,5,15,4.3,12,3.4,20.4,13.07,5.56,NA,4
"TMS14F1195P0005",2,3,2,2,3,3,NA,NA,40,100,NA,NA,140,150,16,9,NA,NA,9,16,5,15.7,5.4,11,3.9,19.85,14.71,7.81,NA,6
"TMS14F1195P0005",2,4,2,2,2,3,NA,NA,50,110,NA,NA,145,150,19,5,NA,NA,9,15.5,4.5,15.7,4.8,13.3,3.9,18.57,13.51,6.3,NA,8
"TMS14F1195P0005",2,5,1,2,3,3,NA,NA,50,105,NA,NA,150,145,17,9,NA,NA,9,15.7,5,14.7,4.3,14.4,4.2,20.45,12.32,6.66,NA,3
"IITA-TMS-IBA980581",2,1,NA,NA,NA,NA,NA,NA,NA,NA,NA,NA,NA,95,NA,NA,NA,NA,NA,NA,NA,NA,NA,NA,NA,NA,NA,NA,NA,12
"IITA-TMS-IBA980581",2,2,3,NA,NA,NA,NA,NA,NA,NA,NA,NA,135,145,NA,NA,NA,NA,9,18.2,6.4,18,5.5,15.5,4.9,19.46,NA,NA,NA,15
"IITA-TMS-IBA980581",2,3,2,NA,NA,NA,NA,NA,NA,NA,NA,NA,140,150,NA,NA,NA,NA,9,19,6.1,18.4,6.2,20.2,6.3,19.11,NA,NA,NA,14
"IITA-TMS-IBA980581",2,4,NA,NA,NA,NA,NA,NA,NA,NA,NA,NA,NA,NA,NA,NA,NA,NA,NA,NA,NA,NA,NA,NA,NA,NA,NA,NA,NA,NA
"IITA-TMS-IBA980581",2,5,NA,NA,NA,NA,NA,NA,NA,NA,NA,NA,NA,NA,NA,NA,NA,NA,NA,NA,NA,NA,NA,NA,NA,NA,NA,NA,NA,NA
"TMS14F1035P0007",2,1,1,NA,NA,NA,NA,NA,NA,NA,NA,NA,120,130,NA,NA,NA,NA,9,16.1,4.2,14.9,3.8,12.5,3,14.12,NA,NA,NA,12
"TMS14F1035P0007",2,2,2,NA,NA,NA,NA,NA,NA,NA,NA,NA,130,140,NA,NA,NA,NA,9,14.6,4,14.8,3.7,14.6,3.7,15.48,NA,NA,NA,12
"TMS14F1035P0007",2,3,3,NA,NA,NA,NA,NA,NA,NA,NA,NA,140,145,NA,NA,NA,NA,9,14.2,3.9,14.7,4.3,15.5,4.2,13.44,NA,NA,NA,12
"TMS14F1035P0007",2,4,1,NA,NA,NA,NA,NA,NA,NA,NA,NA,135,150,NA,NA,NA,NA,9,16,4.1,17.5,4.5,18,5,14.11,NA,NA,NA,14
"TMS14F1035P0007",2,5,3,NA,NA,NA,NA,NA,NA,NA,NA,NA,140,145,NA,NA,NA,NA,9,17.9,4.5,16.1,4,13.9,3.5,14.71,NA,NA,NA,NA
"TMS14F1285P0017",2,1,2,NA,NA,NA,NA,NA,NA,NA,NA,NA,110,110,NA,NA,NA,NA,8,17.5,5.7,14.7,4.7,12.4,3.9,18.21,NA,NA,NA,11
"TMS14F1285P0017",2,2,2,NA,NA,NA,NA,NA,NA,NA,NA,NA,140,120,NA,NA,NA,NA,7,17.5,5.5,15.5,5.5,13.8,4.5,16.51,NA,NA,NA,11
"TMS14F1285P0017",2,3,1,NA,NA,NA,NA,NA,NA,NA,NA,NA,90,90,NA,NA,NA,NA,7,14.5,4.6,14.1,4.1,21,3.7,16.55,NA,NA,NA,7
"TMS14F1285P0017",2,4,2,NA,NA,NA,NA,NA,NA,NA,NA,NA,95,95,NA,NA,NA,NA,7,15,4.9,12.9,4.1,12.9,3.9,13.75,NA,NA,NA,8
"TMS14F1285P0017",2,5,3,NA,NA,NA,NA,NA,NA,NA,NA,NA,115,115,NA,NA,NA,NA,7,17,5,14.5,4.7,13.9,4.2,15.33,NA,NA,NA,13
"IITA-TMS-IBA30572",2,1,2,1,3,NA,NA,NA,95,NA,NA,NA,130,140,5,NA,NA,NA,8,14.5,3.5,15,3.7,10.9,2.9,16.7,7.29,NA,NA,8
"IITA-TMS-IBA30572",2,2,2,1,2,NA,NA,NA,85,NA,NA,NA,110,115,3,NA,NA,NA,7,15.5,4.5,12.6,3,13.5,3.2,12.28,6.06,NA,NA,11
"IITA-TMS-IBA30572",2,3,1,1,4,NA,NA,NA,90,NA,NA,NA,130,155,11,NA,NA,NA,7,12.9,3.9,12.6,3.5,14.1,3.5,20.21,8.33,NA,NA,6
"IITA-TMS-IBA30572",2,4,2,2,3,3,NA,NA,85,145,NA,NA,170,170,17,4,NA,NA,8,25.7,7,15,4,12,3.3,24.42,10.59,4.48,NA,8
"IITA-TMS-IBA30572",2,5,NA,NA,NA,NA,NA,NA,NA,NA,NA,NA,NA,NA,NA,NA,NA,NA,NA,NA,NA,NA,NA,NA,NA,NA,NA,NA,NA,NA
"TMS13F2207P0001",2,1,4,1,2,NA,NA,NA,126,NA,NA,NA,160,150,7,NA,NA,NA,7,15.5,4.5,17,4.3,12.5,3.7,13.63,5.88,NA,NA,9
"TMS13F2207P0001",2,2,4,1,2,NA,NA,NA,125,NA,NA,NA,160,165,8,NA,NA,NA,7,17.1,4.5,15.5,3.5,15.5,4.5,13.23,6.85,NA,NA,10
"TMS13F2207P0001",2,3,3,1,2,NA,NA,NA,105,NA,NA,NA,165,174,18,NA,NA,NA,7,18.5,4.5,14.6,4.1,14.9,3.8,16.95,9,NA,NA,4
"TMS13F2207P0001",2,4,3,2,2,3,NA,NA,120,165,NA,NA,195,195,20,2,NA,NA,7,21.6,4.9,17.1,4.6,17,3.5,22.74,11.74,4.98,NA,8
"TMS13F2207P0001",2,5,2,2,2,3,NA,NA,98,155,NA,NA,175,175,21,2,NA,NA,7,18.2,4.5,16.5,4,14.5,3.8,22.46,10.35,4.99,NA,8
"TMS14F1288P0008",1,1,2,1,2,NA,NA,NA,135,NA,NA,NA,195,205,13,NA,NA,NA,9,16.2,5.3,15.5,5.5,16,5.3,19.85,11.03,NA,NA,4
"TMS14F1288P0008",1,2,3,NA,NA,NA,NA,NA,NA,NA,NA,NA,175,175,NA,NA,NA,NA,8,15,5.6,16.3,5.6,13,4.7,14.92,NA,NA,NA,NA
"TMS14F1288P0008",1,3,2,1,3,NA,NA,NA,150,NA,NA,NA,185,190,8,NA,NA,NA,8,15,5.5,12,4.5,12.2,5.3,15.88,8.13,NA,NA,6
"TMS14F1288P0008",1,4,2,1,3,NA,NA,NA,130,NA,NA,NA,185,185,8,NA,NA,NA,9,15.3,6.5,15.1,4.6,13,4.3,16.17,10.17,NA,NA,8
"TMS14F1288P0008",1,5,1,1,3,NA,NA,NA,100,NA,NA,NA,175,180,20,NA,NA,NA,9,12.3,6.3,10,5.3,12,3.3,20.29,10.29,NA,NA,7
"TMS14F1125P0010",1,1,2,1,2,NA,NA,NA,85,NA,NA,NA,135,140,10,NA,NA,NA,7,15,4.5,14.5,3.7,12.5,3.5,15.44,7.52,NA,NA,5
"TMS14F1125P0010",1,2,2,2,3,3,NA,NA,90,140,NA,NA,160,160,12,4,NA,NA,7,14.3,5,10,3.5,12.3,3.7,19.18,9.43,5.04,NA,2
"TMS14F1125P0010",1,3,2,2,3,3,NA,NA,75,140,NA,NA,160,160,19,2,NA,NA,7,16,4.5,15,4.1,11.2,3.5,19.62,9.69,4.28,NA,3
"TMS14F1125P0010",1,4,1,2,3,3,NA,NA,65,125,NA,NA,150,155,15,6,NA,NA,7,17.5,4.3,15,4.3,11.5,3.4,22.22,11.25,5.24,NA,NA
"TMS14F1125P0010",1,5,2,2,3,3,NA,NA,70,130,NA,NA,165,165,16,5,NA,NA,7,18,5,15.7,4.3,13.3,4.2,20.46,10.87,4.61,NA,1
"TMS14F1278P0003",1,1,2,2,3,3,NA,NA,45,95,NA,NA,115,115,15,7,NA,NA,8,20,5.8,15.5,4.5,13,3.9,22.64,14,5.76,NA,NA
"TMS14F1278P0003",1,2,1,2,3,3,NA,NA,50,95,NA,NA,120,120,14,8,NA,NA,7,18.4,5.2,16.7,4.5,16,4.2,20.13,11.64,5.16,NA,1
"TMS14F1278P0003",1,3,1,2,3,3,NA,NA,50,95,NA,NA,125,125,19,8,NA,NA,7,18.2,5,13,3.9,12.3,3.5,24.07,12.57,4.94,NA,NA
"TMS14F1278P0003",1,4,NA,NA,NA,NA,NA,NA,NA,NA,NA,NA,NA,55,NA,NA,NA,NA,NA,NA,NA,NA,NA,NA,NA,NA,NA,NA,NA,1
"TMS14F1278P0003",1,5,1,2,3,3,NA,NA,45,85,NA,NA,100,110,14,6,NA,NA,7,19.4,5.5,14.7,3.9,10.5,2.9,18.83,8.42,4.09,NA,2
"TMS14F1195P0004",1,1,1,2,3,3,NA,NA,60,139,NA,NA,160,165,16,4,NA,NA,7,16,5.5,13.9,4.4,12,5.5,18.6,10.4,5.4,NA,5
"TMS14F1195P0004",1,2,1,2,3,3,NA,NA,45,115,NA,NA,180,175,22,17,NA,NA,7,24,7,14.7,4.7,12.4,3.7,24.65,15.26,17.18,NA,NA
"TMS14F1195P0004",1,3,2,1,3,NA,NA,NA,120,NA,NA,NA,150,175,8,NA,NA,NA,9,17.5,5.7,15.2,4.7,13.5,4.2,18.35,6.89,NA,NA,6
"TMS14F1195P0004",1,4,NA,NA,NA,NA,NA,NA,NA,NA,NA,NA,NA,NA,NA,NA,NA,NA,NA,NA,NA,NA,NA,NA,NA,NA,NA,NA,NA,NA
"TMS14F1195P0004",1,5,NA,NA,NA,NA,NA,NA,NA,NA,NA,NA,NA,NA,NA,NA,NA,NA,NA,NA,NA,NA,NA,NA,NA,NA,NA,NA,NA,NA
"TMS13F1304P0003",1,1,2,1,2,NA,NA,NA,114,NA,NA,NA,140,145,3,NA,NA,NA,9,14.3,4.7,15,5.1,11.7,4.2,14.33,6.87,NA,NA,9
"TMS13F1304P0003",1,2,1,2,2,2,NA,NA,120,185,NA,NA,205,205,19,1,NA,NA,9,19.4,5.5,14.9,4.9,14.9,4.5,23.21,12.06,4.64,NA,6
"TMS13F1304P0003",1,3,2,1,3,NA,NA,NA,130,NA,NA,NA,180,190,11,NA,NA,NA,9,17,5.9,16.4,5.5,13.5,4.5,18.3,NA,NA,NA,5
"TMS13F1304P0003",1,4,NA,NA,NA,NA,NA,NA,NA,NA,NA,NA,NA,NA,NA,NA,NA,NA,NA,NA,NA,NA,NA,NA,NA,NA,NA,NA,NA,NA
"TMS13F1304P0003",1,5,NA,NA,NA,NA,NA,NA,NA,NA,NA,NA,NA,NA,NA,NA,NA,NA,NA,NA,NA,NA,NA,NA,NA,NA,NA,NA,NA,NA
"TMS14F1022P0003",1,1,1,2,2,3,NA,NA,35,100,NA,NA,180,180,19,17,NA,NA,7,19,5.6,20,5.7,16,5.1,25.46,22.65,10.46,NA,7
"TMS14F1022P0003",1,2,1,2,2,3,NA,NA,30,110,NA,NA,185,185,22,16,NA,NA,7,20,6.7,17.5,5.4,15.7,4.9,25.78,20.26,10.78,NA,1
"TMS14F1022P0003",1,3,1,2,2,3,NA,NA,50,140,NA,NA,160,165,20,2,NA,NA,8,17.5,5.3,15.2,5.4,14.5,4.9,20.45,16.5,5.91,NA,8
"TMS14F1022P0003",1,4,2,1,2,NA,NA,NA,73,NA,NA,NA,140,150,14,NA,NA,NA,7,16,4.9,13.5,4.4,11,3.9,15.33,8.61,NA,NA,NA
"TMS14F1022P0003",1,5,2,2,2,3,NA,NA,40,105,NA,NA,160,150,20,5,NA,NA,7,18,5.7,16.6,4.5,14,4.4,19.28,15.1,7.3,NA,5
"TMS14F1146P0002",1,1,2,NA,NA,NA,NA,NA,NA,NA,NA,NA,120,120,NA,NA,NA,NA,9,14,4.4,14.5,4.5,14.5,4.7,16.56,NA,NA,NA,10
"TMS14F1146P0002",1,2,2,1,3,NA,NA,NA,75,NA,NA,NA,145,140,18,NA,NA,NA,9,17,5.5,13.5,4.5,12,3.9,21.64,17.37,NA,NA,6
"TMS14F1146P0002",1,3,1,NA,NA,NA,NA,NA,NA,NA,NA,NA,105,115,NA,NA,NA,NA,9,13.5,4.2,12.5,3.5,13,4.4,14.78,NA,NA,NA,13
"TMS14F1146P0002",1,4,3,1,3,NA,NA,NA,85,NA,NA,NA,135,150,8,NA,NA,NA,9,17,5.6,13.5,4.7,14,5,21.71,12.97,NA,NA,5
"TMS14F1146P0002",1,5,3,1,2,NA,NA,NA,85,NA,NA,NA,140,135,18,NA,NA,NA,9,14.5,5.9,13,5,14.3,5,19.37,13.54,NA,NA,4
"IITA-TMS-IBA980581",1,1,2,NA,NA,NA,NA,NA,NA,NA,NA,NA,155,160,NA,NA,NA,NA,7,17.5,6,16.7,5.5,17,5.7,20.03,NA,NA,NA,13
"IITA-TMS-IBA980581",1,2,2,NA,NA,NA,NA,NA,NA,NA,NA,NA,165,160,NA,NA,NA,NA,7,17,6,16,5,18,4.5,18.15,NA,NA,NA,10
"IITA-TMS-IBA980581",1,3,2,NA,NA,NA,NA,NA,NA,NA,NA,NA,170,175,NA,NA,NA,NA,9,18.3,6,17,6,18.3,5,21.74,NA,NA,NA,13
"IITA-TMS-IBA980581",1,4,2,1,3,NA,NA,NA,145,NA,NA,NA,185,173,13,NA,NA,NA,7,21,7,19,5.7,20,7,24.88,13.82,NA,NA,9
"IITA-TMS-IBA980581",1,5,2,1,3,NA,NA,NA,160,NA,NA,NA,180,185,5,NA,NA,NA,7,17.5,7,17,5.3,16,5,25.28,8.33,NA,NA,10
"TMS14F1291P0003",1,1,2,NA,NA,NA,NA,NA,NA,NA,NA,NA,145,150,NA,NA,NA,NA,7,17,4.5,17.5,5,16.5,5,17.3,NA,NA,NA,11
"TMS14F1291P0003",1,2,2,NA,NA,NA,NA,NA,NA,NA,NA,NA,145,150,NA,NA,NA,NA,7,17,4.5,15.5,4.7,17,5,17.41,NA,NA,NA,10
"TMS14F1291P0003",1,3,2,1,2,NA,NA,NA,120,NA,NA,NA,145,145,5,NA,NA,NA,9,19,4.5,18,5,15,4,19.21,8.47,NA,NA,9
"TMS14F1291P0003",1,4,2,1,3,NA,NA,NA,115,NA,NA,NA,153,160,10,NA,NA,NA,9,18,5,14,4,17,5,20.83,8.33,NA,NA,10
"TMS14F1291P0003",1,5,NA,NA,NA,NA,NA,NA,NA,NA,NA,NA,NA,NA,NA,NA,NA,NA,NA,NA,NA,NA,NA,NA,NA,NA,NA,NA,NA,NA
"TMS14F1301P0013",1,1,5,1,2,NA,NA,NA,152,NA,NA,NA,140,140,6,NA,NA,NA,7,14,3.5,14,4,15.5,4.3,15.17,9.33,NA,NA,3
"TMS14F1301P0013",1,2,2,1,2,NA,NA,NA,118,NA,NA,NA,150,150,6,NA,NA,NA,7,16.5,4.5,15.5,4,13.5,3.5,15.3,8.98,NA,NA,7
"TMS14F1301P0013",1,3,4,2,3,2,NA,NA,95,145,NA,NA,165,180,22,3,NA,NA,7,14,3.5,15.5,4.3,15,4,23,9.48,NA,NA,7
"TMS14F1301P0013",1,4,4,NA,NA,NA,NA,NA,NA,NA,NA,NA,110,120,NA,NA,NA,NA,7,12.5,3.2,13.5,3.3,10,2.6,10.14,NA,NA,NA,5
"TMS14F1301P0013",1,5,NA,NA,NA,NA,NA,NA,NA,NA,NA,NA,NA,NA,NA,NA,NA,NA,NA,NA,NA,NA,NA,NA,NA,NA,NA,NA,NA,NA
"TMS13F1400P0001",1,1,1,1,3,NA,NA,NA,85,NA,NA,NA,150,150,9,NA,NA,NA,6,15,4,12,3.6,14,4,15.69,7.22,NA,NA,4
"TMS13F1400P0001",1,2,1,1,2,NA,NA,NA,80,NA,NA,NA,130,140,8,NA,NA,NA,6,13.5,3.5,12,3.5,12.5,3.3,14.93,7.01,NA,NA,9
"TMS13F1400P0001",1,3,3,2,2,2,NA,NA,85,155,NA,NA,180,180,20,4,NA,NA,6,21.5,5.5,18,5,14,3,15.57,7.22,NA,NA,6
"TMS13F1400P0001",1,4,1,2,3,3,NA,NA,80,155,NA,NA,190,175,20,6,NA,NA,6,16.5,4.2,16.5,4.5,15.5,4,23.17,13.85,5.98,NA,5
"TMS13F1400P0001",1,5,1,1,2,NA,NA,NA,90,NA,NA,NA,165,160,7,NA,NA,NA,6,14,3.3,12,3,12.5,3,13.12,6.98,NA,NA,4
"TMS13F1376P0018",1,1,2,NA,NA,NA,NA,NA,NA,NA,NA,NA,140,140,NA,NA,NA,NA,7,15,5,13.5,4.5,14,4,15.69,NA,NA,NA,9
"TMS13F1376P0018",1,2,2,1,2,NA,NA,NA,132,NA,NA,NA,155,150,8,NA,NA,NA,7,16.5,4.5,15,5,16,5,17.06,7.68,NA,NA,10
"TMS13F1376P0018",1,3,3,NA,NA,NA,NA,NA,NA,NA,NA,NA,150,150,NA,NA,NA,NA,7,16,4.5,14,4.3,11.5,4,16.07,NA,NA,NA,1
"TMS13F1376P0018",1,4,4,NA,NA,NA,NA,NA,NA,NA,NA,NA,140,115,NA,NA,NA,NA,7,13.5,4,14,4.5,13.3,4.2,10.59,NA,NA,NA,9
"TMS13F1376P0018",1,5,2,NA,NA,NA,NA,NA,NA,NA,NA,NA,115,115,NA,NA,NA,NA,7,14,4,13,4,14,4.2,13.07,NA,NA,NA,NA
"TMS14F1301P0004",1,1,2,1,3,NA,NA,NA,130,NA,NA,NA,175,165,14,NA,NA,NA,9,17,4,15,3.8,14,4,19.78,10.33,NA,NA,10
"TMS14F1301P0004",1,2,1,1,3,NA,NA,NA,123,NA,NA,NA,175,170,16,NA,NA,NA,9,16.5,4.3,13,4,14.5,4,24.47,9.11,NA,NA,9
"TMS14F1301P0004",1,3,2,1,3,NA,NA,NA,138,NA,NA,NA,162,160,7,NA,NA,NA,9,13.5,3,15,4,16.5,4,21.17,6.43,NA,NA,10
"TMS14F1301P0004",1,4,1,NA,NA,NA,NA,NA,NA,NA,NA,NA,140,154,NA,NA,NA,NA,9,15,4,14.5,4,13.5,3.5,17.19,NA,NA,NA,7
"TMS14F1301P0004",1,5,1,1,4,NA,NA,NA,120,NA,NA,NA,175,185,24,NA,NA,NA,9,15,4.5,14.5,3.5,14,3.8,26.29,13.44,NA,NA,2
"TMS14F1285P0006",1,1,1,1,2,NA,NA,NA,105,NA,NA,NA,120,125,8,NA,NA,NA,7,13.5,3,15,4,16,4.5,12.2,5.74,NA,NA,7
"TMS14F1285P0006",1,2,1,1,3,NA,NA,NA,100,NA,NA,NA,130,140,11,NA,NA,NA,7,15,4.2,18,4.5,15,4,15.44,8.58,NA,NA,6
"TMS14F1285P0006",1,3,1,1,2,NA,NA,NA,60,NA,NA,NA,110,100,23,NA,NA,NA,6,15,3.5,14.5,3.5,15,4,16.56,7.82,NA,NA,8
"TMS14F1285P0006",1,4,3,1,2,NA,NA,NA,100,NA,NA,NA,120,120,4,NA,NA,NA,7,20.5,5.4,17,4.5,15,4,14.95,6.26,NA,NA,9
"TMS14F1285P0006",1,5,NA,NA,NA,NA,NA,NA,NA,NA,NA,NA,NA,NA,NA,NA,NA,NA,NA,NA,NA,NA,NA,NA,NA,NA,NA,NA,NA,NA
"TMS14F1310P0015",1,1,1,NA,NA,NA,NA,NA,NA,NA,NA,NA,100,95,NA,NA,NA,NA,9,12.5,3,12,3,11.5,3.2,16.81,NA,NA,NA,9
"TMS14F1310P0015",1,2,5,NA,NA,NA,NA,NA,NA,NA,NA,NA,100,105,NA,NA,NA,NA,7,13,3,12,3,12.3,3.5,18.62,NA,NA,NA,9
"TMS14F1310P0015",1,3,2,NA,NA,NA,NA,NA,NA,NA,NA,NA,125,115,NA,NA,NA,NA,9,13.5,4,14,3,12,3.4,14.3,NA,NA,NA,10
"TMS14F1310P0015",1,4,2,NA,NA,NA,NA,NA,NA,NA,NA,NA,125,125,NA,NA,NA,NA,9,13.5,3.5,15.5,4,13.5,4,17.01,NA,NA,NA,9
"TMS14F1310P0015",1,5,4,NA,NA,NA,NA,NA,NA,NA,NA,NA,135,120,NA,NA,NA,NA,9,15,3.5,16,4,14.5,4.3,17.44,NA,NA,NA,11
"TMS14F1014P0017",1,1,2,1,2,NA,NA,NA,102,NA,NA,NA,175,165,17,NA,NA,NA,9,17,5.5,13.5,3,14,4,18.62,9.87,NA,NA,1
"TMS14F1014P0017",1,2,3,1,2,NA,NA,NA,100,NA,NA,NA,125,135,2,NA,NA,NA,9,14,4,12,3.5,12.5,4,14.72,7.79,NA,NA,8
"TMS14F1014P0017",1,3,1,1,3,NA,NA,NA,95,NA,NA,NA,150,145,11,NA,NA,NA,7,16,4.2,17,4.5,14,4,17.94,8.17,NA,NA,2
"TMS14F1014P0017",1,4,NA,NA,NA,NA,NA,NA,NA,NA,NA,NA,NA,55,NA,NA,NA,NA,NA,NA,NA,NA,NA,NA,NA,NA,NA,NA,NA,7
"TMS14F1014P0017",1,5,NA,NA,NA,NA,NA,NA,NA,NA,NA,NA,NA,NA,NA,NA,NA,NA,NA,NA,NA,NA,NA,NA,NA,NA,NA,NA,NA,NA
"TMS14F1292P0012",1,1,2,1,3,NA,NA,NA,85,NA,NA,NA,140,145,15,NA,NA,NA,7,12.5,4.5,12,3.5,11.5,3,18.4,6.45,NA,NA,1
"TMS14F1292P0012",1,2,1,2,3,3,NA,NA,50,140,NA,NA,180,170,24,5,NA,NA,9,18,6,17.5,5,16,4,23.76,13.3,6.68,NA,6
"TMS14F1292P0012",1,3,1,2,2,4,NA,NA,45,125,NA,NA,190,195,20,14,NA,NA,9,19.5,5.5,13.5,4.5,12.5,4,23.13,19.3,8.7,NA,NA
"TMS14F1292P0012",1,4,2,1,3,NA,NA,NA,60,NA,NA,NA,140,140,16,NA,NA,NA,7,12,4,12.5,3.5,12,3,19.26,7.74,NA,NA,6
"TMS14F1292P0012",1,5,1,2,2,4,NA,NA,40,120,NA,NA,155,170,22,9,NA,NA,9,17.5,4.5,17,4.5,17.5,4,25.35,14.01,3.7,NA,3
"TMS14F1013P0007",1,1,2,2,2,3,NA,NA,105,167,NA,NA,200,195,16,6,NA,NA,7,19.5,6.5,14.5,5.1,13.1,4.8,21.29,11.53,5.37,NA,5
"TMS14F1013P0007",1,2,2,2,2,2,NA,NA,100,160,NA,NA,185,185,17,4,NA,NA,8,20.5,6.6,14.6,5,9.2,3.6,20.09,9.92,4.91,NA,4
"TMS14F1013P0007",1,3,1,2,3,2,NA,NA,105,173,NA,NA,210,190,19,2,NA,NA,9,21.9,7.1,16.3,5.4,13.6,5.6,22.29,13.61,6.22,NA,5
"TMS14F1013P0007",1,4,2,2,2,2,NA,NA,112,180,NA,NA,190,185,11,1,NA,NA,7,17.3,6,16,5.3,13.4,4.5,19.76,9.8,4.04,NA,4
"TMS14F1013P0007",1,5,3,1,2,NA,NA,NA,115,NA,NA,NA,180,190,12,NA,NA,NA,7,17.1,5.4,16.9,5.2,13.4,4.6,15.9,8.64,NA,NA,5
"IITA-TMS-IBA000070",1,1,2,2,3,2,NA,NA,74,140,NA,NA,160,160,21,3,NA,NA,9,15,5.1,14.3,4.5,13.6,4.2,26.99,12.69,6.5,NA,10
"IITA-TMS-IBA000070",1,2,1,1,3,NA,NA,NA,80,NA,NA,NA,125,130,11,NA,NA,NA,9,17,5.6,13.5,4.4,11.9,4.3,21.56,8.7,NA,NA,9
"IITA-TMS-IBA000070",1,3,1,2,3,2,NA,NA,70,130,NA,NA,155,157,27,4,NA,NA,9,14.6,5.9,13.2,4.6,11.8,3.7,23.48,12.92,7.71,NA,10
"IITA-TMS-IBA000070",1,4,2,1,2,NA,NA,NA,132,NA,NA,NA,155,150,8,NA,NA,NA,9,16.4,4.9,15.3,4.8,12.7,4.2,NA,12.75,NA,NA,10
"IITA-TMS-IBA000070",1,5,NA,NA,NA,NA,NA,NA,NA,NA,NA,NA,NA,NA,NA,NA,NA,NA,NA,NA,NA,NA,NA,NA,NA,NA,NA,NA,NA,NA
"IITA-TMS-IBA982101",1,1,1,1,2,NA,NA,NA,72,NA,NA,NA,135,125,22,NA,NA,NA,7,18.9,4.9,15.7,3.9,14.9,3.9,17.86,8.57,NA,NA,NA
"IITA-TMS-IBA982101",1,2,1,2,3,2,NA,NA,75,125,NA,NA,140,140,22,4,NA,NA,7,16.1,4.6,14.6,3.7,11,2.7,22.03,10.6,5.17,NA,4
"IITA-TMS-IBA982101",1,3,1,2,3,2,NA,NA,80,134,NA,NA,150,135,23,5,NA,NA,7,17,4.5,14.9,3.7,13.6,3.9,24.39,13.01,5.13,NA,5
"IITA-TMS-IBA982101",1,4,2,1,2,NA,NA,NA,55,NA,NA,NA,105,110,16,NA,NA,NA,7,148,4,10.9,2.5,9.9,2.4,16.11,8.95,NA,NA,5
"IITA-TMS-IBA982101",1,5,2,1,3,NA,NA,NA,60,NA,NA,NA,120,117,28,NA,NA,NA,7,17.3,4.5,15.3,4.9,13.3,3,19.63,9.95,NA,NA,NA
"IITA-TMS-IBA30572",1,1,1,1,2,NA,NA,NA,65,NA,NA,NA,95,115,9,NA,NA,NA,7,14.9,3.9,13.5,3.5,11.6,3.2,13.83,6.61,NA,NA,6
"IITA-TMS-IBA30572",1,2,1,1,4,NA,NA,NA,80,NA,NA,NA,120,125,14,NA,NA,NA,7,16.5,6.5,9,3.6,11.2,3.2,19.12,7.78,NA,NA,1
"IITA-TMS-IBA30572",1,3,2,1,3,NA,NA,NA,92,NA,NA,NA,135,125,12,NA,NA,NA,7,15.6,4.9,13.1,3.7,10.8,3.1,19.55,8.37,NA,NA,3
"IITA-TMS-IBA30572",1,4,NA,NA,NA,NA,NA,NA,NA,NA,NA,NA,NA,NA,NA,NA,NA,NA,NA,NA,NA,NA,NA,NA,NA,NA,NA,NA,NA,NA
"IITA-TMS-IBA30572",1,5,NA,NA,NA,NA,NA,NA,NA,NA,NA,NA,NA,NA,NA,NA,NA,NA,NA,NA,NA,NA,NA,NA,NA,NA,NA,NA,NA,NA
"TMS13F1315P0008",1,1,1,2,3,3,NA,NA,55,125,NA,NA,165,155,22,9,NA,NA,9,18.4,5,17,4.3,13.2,3.6,25.06,13.73,5.69,NA,NA
"TMS13F1315P0008",1,2,1,2,2,3,NA,NA,50,105,NA,NA,140,140,19,3,NA,NA,9,15.5,4.5,15.5,4.4,12.5,3.6,21.79,11.32,3.11,NA,7
"TMS13F1315P0008",1,3,1,3,2,2,3,NA,50,105,165,NA,180,185,19,13,2,NA,8,17.1,4.7,16.5,4.1,15.2,3.9,25.07,18.05,8.31,5,7
"TMS13F1315P0008",1,4,2,2,2,2,NA,NA,60,140,NA,NA,150,160,18,1,NA,NA,7,14.4,4,13.6,3.9,13.1,3.5,16.4,7.73,4.36,NA,7
"TMS13F1315P0008",1,5,1,1,2,NA,NA,NA,90,NA,NA,NA,135,140,10,NA,NA,NA,9,13.7,4.2,12.2,3.9,14.5,4.3,16.54,8.96,NA,NA,9
"TMEB419",1,1,5,NA,NA,NA,NA,NA,NA,NA,NA,NA,145,145,NA,NA,NA,NA,7,17.5,4.9,15.8,4.2,14.5,4.2,14.78,NA,NA,NA,8
"TMEB419",1,2,2,NA,NA,NA,NA,NA,NA,NA,NA,NA,155,170,NA,NA,NA,NA,7,20,5.5,16.1,5.4,16.9,4.5,18.73,NA,NA,NA,13
"TMEB419",1,3,1,NA,NA,NA,NA,NA,NA,NA,NA,NA,140,155,NA,NA,NA,NA,7,17.3,5,15.3,4.3,14.6,4,17.76,NA,NA,NA,12
"TMEB419",1,4,2,NA,NA,NA,NA,NA,NA,NA,NA,NA,175,180,NA,NA,NA,NA,7,21,5.6,19,5.4,16.5,4.5,19.58,NA,NA,NA,13
"TMEB419",1,5,3,NA,NA,NA,NA,NA,NA,NA,NA,NA,175,180,NA,NA,NA,NA,7,20.5,5.7,19.6,5.2,16.5,4.5,20.45,NA,NA,NA,15
"TMS14F1291P0012",1,1,2,1,2,NA,NA,NA,107,NA,NA,NA,120,130,3,NA,NA,NA,9,15.3,3.8,14.4,3.2,12.5,2.1,15.52,5.63,NA,NA,8
"TMS14F1291P0012",1,2,3,2,2,3,NA,NA,30,107,NA,NA,160,145,12,13,NA,NA,9,19,5.5,17.5,13.9,9.5,2.1,19.23,15.36,5.73,NA,NA
"TMS14F1291P0012",1,3,1,1,3,NA,NA,NA,100,NA,NA,NA,135,130,11,NA,NA,NA,9,17.9,4.5,14.2,2.9,12.2,2.1,19.54,7.97,NA,NA,4
"TMS14F1291P0012",1,4,2,2,2,3,NA,NA,35,105,NA,NA,135,135,21,10,NA,NA,9,18.2,4.5,14,3.3,11,2.5,21.46,12.58,6.81,NA,3
"TMS14F1291P0012",1,5,NA,NA,NA,NA,NA,NA,NA,NA,NA,NA,NA,NA,NA,NA,NA,NA,NA,NA,NA,NA,NA,NA,NA,NA,NA,NA,NA,NA
"TMS14F1196P0003",1,1,2,1,3,NA,NA,NA,105,NA,NA,NA,120,120,3,NA,NA,NA,7,19.3,5.4,17,4.9,13.2,3.9,17.94,6.36,NA,NA,6
"TMS14F1196P0003",1,2,2,1,3,NA,NA,NA,100,NA,NA,NA,150,140,13,NA,NA,NA,7,17.7,5.2,13.8,4.5,10.9,3.5,17.87,7.42,NA,NA,1
"TMS14F1196P0003",1,3,4,1,2,NA,NA,NA,105,NA,NA,NA,130,130,6,NA,NA,NA,7,15,4.5,10.3,3.2,9.9,2.9,15.11,4.99,NA,NA,4
"TMS14F1196P0003",1,4,1,NA,NA,NA,NA,NA,NA,NA,NA,NA,95,100,NA,NA,NA,NA,9,16,5,14,4,13.1,3.1,14.11,NA,NA,NA,1
"TMS14F1196P0003",1,5,NA,NA,NA,NA,NA,NA,NA,NA,NA,NA,NA,NA,NA,NA,NA,NA,NA,NA,NA,NA,NA,NA,NA,NA,NA,NA,NA,NA
"TMS14F1014P0016",1,1,1,2,2,3,NA,NA,70,137,NA,NA,190,190,20,11,NA,NA,7,20,5.5,16,4.5,13.5,4,21.25,13.48,6.7,NA,NA
"TMS14F1014P0016",1,2,2,2,2,3,NA,NA,80,128,NA,NA,145,140,15,1,NA,NA,7,15.6,4.6,11.11,3.3,11.3,3.4,14.72,7.03,3.16,NA,6
"TMS14F1014P0016",1,3,1,2,2,2,NA,NA,73,138,NA,NA,155,160,18,3,NA,NA,7,15.5,4.6,13.5,3.2,11.7,3.3,17.78,8.26,3.34,NA,5
"TMS14F1014P0016",1,4,2,2,2,2,NA,NA,60,115,NA,NA,130,130,16,1,NA,NA,7,5.3,4.6,11.5,3.2,10.93,3,13.7,5.87,3.18,NA,7
"TMS14F1014P0016",1,5,2,2,2,2,NA,NA,75,120,NA,NA,135,135,13,2,NA,NA,7,14,3.9,10.3,3.1,9,2.7,13.83,6.41,2.84,NA,6
"TMS14F1098P0013",1,1,1,1,NA,NA,NA,NA,NA,NA,NA,NA,NA,150,NA,NA,NA,NA,NA,NA,NA,NA,NA,NA,NA,NA,NA,NA,NA,NA
"TMS14F1098P0013",1,2,2,4,3,NA,NA,NA,90,NA,NA,NA,145,140,17,NA,NA,NA,8,22.1,2.7,19,3.5,10.3,3.2,17.02,5.26,NA,NA,2
"TMS14F1098P0013",1,3,2,1,3,NA,NA,NA,95,NA,NA,NA,140,150,13,NA,NA,NA,7,22.7,2.2,21.6,2.5,12.6,2.2,15.89,5.73,NA,NA,3
"TMS14F1098P0013",1,4,3,1,2,NA,NA,NA,87,NA,NA,NA,150,170,18,NA,NA,NA,8,24,3,19.9,3.2,14,2.8,16.48,6.53,NA,NA,7
"TMS14F1098P0013",1,5,1,2,3,3,NA,NA,78,145,NA,NA,165,165,21,3,NA,NA,9,21.1,3,24.5,3.5,15.5,3.4,22.3,10.41,4.52,NA,NA
"TMS14F1299P0007",1,1,2,NA,2,NA,NA,NA,NA,NA,NA,NA,130,120,NA,NA,NA,NA,7,16.8,5.5,15,4.6,13,3.7,16.29,NA,NA,NA,8
"TMS14F1299P0007",1,2,2,1,3,NA,NA,NA,110,NA,NA,NA,125,130,3,NA,NA,NA,7,17.8,5,16,5.6,14,4,15.8,5.17,NA,NA,7
"TMS14F1299P0007",1,3,2,NA,NA,NA,NA,NA,NA,NA,NA,NA,125,125,NA,NA,NA,NA,7,12.6,5.3,15.5,4.6,14.2,3.9,15.18,NA,NA,NA,1
"TMS14F1299P0007",1,4,1,1,2,NA,NA,NA,80,NA,NA,NA,125,130,17,NA,NA,NA,7,20,6.7,14,4.2,13,4.1,20.16,9.53,NA,NA,3
"TMS14F1299P0007",1,5,3,1,3,NA,NA,NA,120,NA,NA,NA,155,145,8,NA,NA,NA,7,20,6.4,14.3,4.4,12.3,4,17.21,6.6,NA,NA,5
"TMS14F1306P0008",1,1,2,1,2,NA,NA,NA,115,NA,NA,NA,175,170,13,NA,NA,NA,9,19.9,5.9,15.5,4.6,16.5,4.9,19.76,6.7,NA,NA,10
"TMS14F1306P0008",1,2,1,1,2,NA,NA,NA,90,NA,NA,NA,170,165,20,NA,NA,NA,8,15,4.5,15,4.2,17,5.5,18.64,NA,NA,NA,10
"TMS14F1306P0008",1,3,2,1,3,NA,NA,NA,98,NA,NA,NA,160,160,14,NA,NA,NA,9,21.5,6.4,16.4,4.5,14.1,4.2,21.31,9.2,NA,NA,11
"TMS14F1306P0008",1,4,3,2,2,3,NA,NA,100,135,NA,NA,150,150,16,3,NA,NA,9,15.9,4.9,12.9,4.6,14.5,4.5,15.86,11.48,6.75,NA,NA
"TMS14F1306P0008",1,5,2,NA,NA,NA,NA,NA,NA,NA,NA,NA,120,120,NA,NA,NA,NA,5,14.5,4,13.4,4.5,15.5,4.6,11.33,NA,NA,NA,NA
"TMS13F1049P0001",1,1,1,1,2,NA,NA,NA,NA,NA,NA,NA,NA,155,NA,NA,NA,NA,NA,NA,NA,NA,NA,NA,NA,NA,NA,NA,NA,9
"TMS13F1049P0001",1,2,NA,NA,NA,NA,NA,NA,NA,NA,NA,NA,NA,125,NA,NA,NA,NA,NA,NA,NA,NA,NA,NA,NA,NA,NA,NA,NA,13
"TMS13F1049P0001",1,3,1,1,2,NA,NA,NA,90,NA,NA,NA,125,125,NA,NA,NA,NA,7,15.5,4.5,14.2,4.5,13.4,4,14.3,9.12,NA,NA,2
"TMS13F1049P0001",1,4,NA,NA,NA,NA,NA,NA,NA,NA,NA,NA,NA,NA,NA,NA,NA,NA,NA,NA,NA,NA,NA,NA,NA,NA,NA,NA,NA,NA
"TMS13F1049P0001",1,5,NA,NA,NA,NA,NA,NA,NA,NA,NA,NA,NA,NA,NA,NA,NA,NA,NA,NA,NA,NA,NA,NA,NA,NA,NA,NA,NA,NA
"TMS13F1126P0003",1,1,2,1,3,NA,NA,NA,100,NA,NA,NA,155,155,12,NA,NA,NA,7,21.2,6,19.2,5.9,13.9,4,22.72,8.06,NA,NA,5
"TMS13F1126P0003",1,2,2,NA,3,NA,NA,NA,100,NA,NA,NA,160,160,13,NA,NA,NA,7,20,5.5,14,4.4,14.7,4.2,18.74,8.82,NA,NA,4
"TMS13F1126P0003",1,3,2,1,3,NA,NA,NA,95,NA,NA,NA,140,145,11,NA,NA,NA,7,18.9,5.5,13.5,3.9,12.1,3.2,18.02,7.08,NA,NA,2
"TMS13F1126P0003",1,4,2,1,3,NA,NA,NA,98,NA,NA,NA,150,145,12,NA,NA,NA,7,19.5,5.2,16.5,4.9,11.4,3.3,13.8,6.88,NA,NA,2
"TMS13F1126P0003",1,5,NA,NA,NA,NA,NA,NA,NA,NA,NA,NA,NA,NA,NA,NA,NA,NA,NA,NA,NA,NA,NA,NA,NA,NA,NA,NA,NA,NA
"TMS14F1159P0003",1,1,2,2,2,2,NA,NA,70,105,NA,NA,130,125,17,3,NA,NA,7,17.5,5.7,13.7,3.9,14.5,4.7,17.09,9.27,NA,NA,8
"TMS14F1159P0003",1,2,2,1,2,NA,NA,NA,80,NA,NA,NA,120,120,14,NA,NA,NA,7,12.9,4,13,4.1,15,4.5,18.1,8.37,NA,NA,1
"TMS14F1159P0003",1,3,2,2,2,2,NA,NA,70,110,NA,NA,130,120,16,2,NA,NA,7,15.5,5.4,15,4.7,13.3,4.5,16.05,7.87,NA,NA,7
"TMS14F1159P0003",1,4,2,2,2,2,NA,NA,50,110,NA,NA,130,125,16,4,NA,NA,7,16.5,5.5,14,4,135,4.3,19.26,7.98,NA,NA,7
"TMS14F1159P0003",1,5,3,1,2,NA,NA,NA,70,NA,NA,NA,100,100,7,NA,NA,NA,7,15,4.7,12,4,11.5,4,15.35,6.18,NA,NA,8
"TMS14F1019P0015",1,1,1,2,2,2,NA,NA,60,100,NA,NA,120,120,13,2,NA,NA,7,15.5,4.9,13.6,4.8,11.2,4.1,16.12,7.68,5.1,NA,6
"TMS14F1019P0015",1,2,3,2,2,2,NA,NA,65,113,NA,NA,130,130,13,3,NA,NA,7,13.4,4.7,11.7,4,10.7,3.6,13.2,8.9,4.79,NA,4
"TMS14F1019P0015",1,3,4,1,2,NA,NA,NA,105,NA,NA,NA,150,150,11,NA,NA,NA,7,15.5,5.9,12.5,4.7,10.8,3.5,16.05,5.95,NA,NA,2
"TMS14F1019P0015",1,4,1,2,3,3,NA,NA,70,125,NA,NA,150,140,19,4,NA,NA,7,16,5.2,15.3,5.2,12.3,4.2,20.19,10.01,1.07,NA,3
"TMS14F1019P0015",1,5,1,2,2,2,NA,NA,68,120,NA,NA,145,140,14,2,NA,NA,7,13.5,4.4,14.1,4.8,15.2,5,15.71,8.97,5.56,NA,4
"TMS14F1295P0012",1,1,1,2,2,3,NA,NA,60,115,NA,NA,135,135,18,4,NA,NA,7,14.2,3.9,15.2,4.2,13.1,3.5,19.04,10.76,5.5,NA,5
"TMS14F1295P0012",1,2,2,1,3,NA,NA,NA,80,NA,NA,NA,110,115,9,NA,NA,NA,9,14.9,4.2,13.1,3.7,11.2,3,14.21,6.43,NA,NA,5
"TMS14F1295P0012",1,3,1,2,2,2,NA,NA,80,134,NA,NA,155,150,18,NA,NA,NA,9,14.6,4.4,14.6,3.9,13.7,3.2,18.94,7.93,NA,NA,8
"TMS14F1295P0012",1,4,1,2,2,3,NA,NA,40,100,NA,NA,130,130,15,8,NA,NA,7,16,4.5,17,4.9,13.5,3.5,19.3,4.75,NA,NA,NA
"TMS14F1295P0012",1,5,1,1,3,NA,NA,NA,105,NA,NA,NA,150,145,10,NA,NA,NA,8,16.2,4.5,15.2,4.2,11.5,3,17.67,5.95,NA,NA,2
"TMS14F1300P0002",1,1,3,1,2,NA,NA,NA,125,NA,NA,NA,150,150,5,NA,NA,NA,7,15,5,15.1,5.3,13.7,4.5,17.25,7.9,NA,NA,9
"TMS14F1300P0002",1,2,NA,NA,NA,NA,NA,NA,NA,NA,NA,NA,NA,95,NA,NA,NA,NA,NA,NA,NA,NA,NA,NA,NA,NA,NA,NA,NA,8
"TMS14F1300P0002",1,3,3,NA,NA,NA,NA,NA,NA,NA,NA,NA,145,140,NA,NA,NA,NA,7,15.6,5.1,13,4.4,13.1,4.3,13.26,NA,NA,NA,12
"TMS14F1300P0002",1,4,1,NA,NA,NA,NA,NA,NA,NA,NA,NA,120,115,NA,NA,NA,NA,7,12.6,4.5,13.5,4.6,14,4.6,12.63,NA,NA,NA,6
"TMS14F1300P0002",1,5,3,1,3,NA,NA,NA,128,NA,NA,NA,145,145,3,NA,NA,NA,7,15.5,5.6,15.6,5.5,14.2,4.9,16.41,6.45,NA,NA,9
"TMS14F1287P0008",1,1,1,1,2,NA,NA,NA,135,NA,NA,NA,190,180,21,NA,NA,NA,9,20.9,5.7,15.1,4.2,15.3,4.5,21.6,10.87,NA,NA,NA
"TMS14F1287P0008",1,2,2,1,2,NA,NA,NA,132,NA,NA,NA,155,155,8,NA,NA,NA,9,19,5.5,16.9,4.9,12.5,3.7,16.49,7.03,NA,NA,9
"TMS14F1287P0008",1,3,2,1,2,NA,NA,NA,148,NA,NA,NA,168,165,6,NA,NA,NA,9,19.6,5.5,15.4,5,14.3,4.3,18.43,7.03,NA,NA,7
"TMS14F1287P0008",1,4,2,1,2,NA,NA,NA,134,NA,NA,NA,160,163,8,NA,NA,NA,9,16.5,4.9,14.3,4.2,13.3,3.7,16.08,7.29,NA,NA,7
"TMS14F1287P0008",1,5,2,2,2,2,NA,NA,140,198,NA,NA,215,205,21,1,NA,NA,9,21.9,5.9,16.5,5,15,4.5,20.77,10.36,5.19,NA,8
"TMS14F1146P0002",2,1,3,1,2,NA,NA,NA,92,NA,NA,NA,105,120,2,NA,NA,NA,7,13,3.7,12,3,11.8,3,12.98,3.87,NA,NA,9
"TMS14F1146P0002",2,2,2,1,3,NA,NA,NA,25,NA,NA,NA,100,110,19,NA,NA,NA,7,13,3.5,11.5,3,10,2.6,18.32,14.68,NA,NA,3
"TMS14F1146P0002",2,3,3,1,3,NA,NA,NA,100,NA,NA,NA,130,150,10,NA,NA,NA,9,14,4.5,12,3,10,3,16.92,8.52,NA,NA,NA
"TMS14F1146P0002",2,4,1,NA,NA,NA,NA,NA,NA,NA,NA,NA,90,110,NA,NA,NA,NA,7,12.5,3.3,14,3.5,13,3.5,14.82,NA,NA,NA,3
"TMS14F1146P0002",2,5,2,1,NA,NA,NA,NA,105,NA,NA,NA,125,143,7,NA,NA,NA,9,14,4,15,4.4,14,3.9,16.31,6.54,NA,NA,3
"TMS13F1315P0008",2,1,1,1,2,NA,NA,NA,65,NA,NA,NA,95,105,13,NA,NA,NA,9,16,4.5,15,4.6,11,4,17.58,10.38,NA,NA,5
"TMS13F1315P0008",2,2,1,2,2,3,NA,NA,55,110,NA,NA,120,130,19,2,NA,NA,9,13,4,12.5,4,13.5,4,20.27,13.32,4.66,NA,6
"TMS13F1315P0008",2,3,3,NA,NA,NA,NA,NA,NA,NA,NA,NA,70,80,NA,NA,NA,NA,7,NA,NA,NA,NA,NA,NA,13.18,NA,NA,NA,5
"TMS13F1315P0008",2,4,1,2,3,3,NA,NA,55,120,145,NA,145,160,24,6,NA,NA,7,19,5.5,18,4.8,15.6,4.2,24.53,16.04,7.16,NA,3
"TMS13F1315P0008",2,5,NA,NA,NA,NA,NA,NA,NA,NA,NA,NA,NA,NA,NA,NA,NA,NA,NA,NA,NA,NA,NA,NA,NA,NA,NA,NA,NA,NA
"TMS14F1014P0016",2,1,1,2,2,3,NA,NA,60,110,NA,NA,120,130,16,3,NA,NA,6,12,3.4,10,3,10.5,3.5,17.82,11.84,3.52,NA,4
"TMS14F1014P0016",2,2,1,2,2,3,NA,NA,55,110,NA,NA,130,135,14,5,NA,NA,6,11.5,4,11.5,3.6,11.5,3.5,16.53,11.91,5.71,NA,1
"TMS14F1014P0016",2,3,2,2,2,3,NA,NA,65,105,NA,NA,110,130,15,2,NA,NA,6,11,3.5,9,2.9,11.3,3.5,15.83,11.16,4.33,NA,4
"TMS14F1014P0016",2,4,5,2,2,3,NA,NA,65,116,NA,NA,130,135,14,4,NA,NA,6,15,4.5,13.5,3.5,9.5,3.5,16.53,9.62,2.43,NA,3
"TMS14F1014P0016",2,5,2,2,2,3,NA,NA,60,95,NA,NA,100,105,10,1,NA,NA,6,13,3.8,12,3.5,11.5,3,14.63,6.09,2.75,NA,4
"TMS14F1125P0010",2,1,3,2,2,3,NA,NA,65,125,NA,NA,145,160,14,4,NA,NA,7,14.5,4,14,3.8,15.5,4.3,18.51,14.03,4.47,NA,3
"TMS14F1125P0010",2,2,2,2,2,3,NA,NA,60,115,NA,NA,130,150,18,4,NA,NA,7,14.8,3.7,12.9,3.4,14.3,3.9,19.58,14.3,5.7,NA,3
"TMS14F1125P0010",2,3,2,2,3,2,NA,NA,65,125,NA,NA,135,150,15,3,NA,NA,7,13,3.5,15,4.4,16,5,17.54,11.6,4.57,NA,6
"TMS14F1125P0010",2,4,2,2,2,3,NA,NA,65,120,NA,NA,140,160,14,5,NA,NA,7,16,4,14.5,4,13,3.5,16.15,11.49,5.4,NA,3
"TMS14F1125P0010",2,5,4,2,3,3,NA,NA,60,120,NA,NA,145,160,16,8,NA,NA,7,18,5,14.5,4,11.5,2.5,19.96,15.84,6.03,NA,NA
"TMS14F1291P0012",2,1,3,2,2,2,NA,NA,70,145,NA,NA,170,180,22,9,NA,NA,9,19.5,4.5,15.5,3.5,14,3,23.89,16.57,10.62,NA,3
"TMS14F1291P0012",2,2,2,1,3,NA,NA,NA,120,NA,NA,NA,150,175,13,NA,NA,NA,9,13,3,15,4,17,4,18.22,9.09,NA,NA,4
"TMS14F1291P0012",2,3,2,2,3,3,NA,NA,90,NA,145,NA,155,170,21,2,NA,NA,7,13,3.5,15,4,13,3,21.15,14.18,4.95,NA,7
"TMS14F1291P0012",2,4,NA,NA,NA,NA,NA,NA,NA,NA,NA,NA,NA,NA,NA,NA,NA,NA,NA,NA,NA,NA,NA,NA,NA,NA,NA,NA,NA,NA
"TMS14F1291P0012",2,5,NA,NA,NA,NA,NA,NA,NA,NA,NA,NA,NA,NA,NA,NA,NA,NA,NA,NA,NA,NA,NA,NA,NA,NA,NA,NA,NA,NA
"TMS14F1287P0008",2,1,3,1,2,NA,NA,NA,150,NA,NA,NA,190,203,15,NA,NA,NA,7,20,6,19,5.2,17,5,18.74,15.83,NA,NA,10
"TMS14F1287P0008",2,2,3,1,2,NA,NA,NA,140,NA,NA,NA,165,175,10,NA,NA,NA,7,14,3.5,13,3,14,4,15.95,12.41,NA,NA,10
"TMS14F1287P0008",2,3,3,1,2,NA,NA,NA,155,NA,NA,NA,195,190,16,NA,NA,NA,7,16,5.3,15,4.3,13,3.5,21.53,11.54,NA,NA,5
"TMS14F1287P0008",2,4,2,1,2,NA,NA,NA,145,NA,NA,NA,175,197,11,NA,NA,NA,7,18.5,5,14,4.5,17,5.6,17.21,11.68,NA,NA,6
"TMS14F1287P0008",2,5,NA,NA,NA,NA,NA,NA,NA,NA,NA,NA,NA,NA,NA,NA,NA,NA,NA,NA,NA,NA,NA,NA,NA,NA,NA,NA,NA,NA
"TMS14F1310P0015",2,1,2,NA,NA,NA,NA,NA,NA,NA,NA,NA,135,145,NA,NA,NA,NA,7,14,4,14.2,4,12.5,3.3,21.12,NA,NA,NA,10
"TMS14F1310P0015",2,2,2,1,3,NA,NA,NA,85,NA,NA,NA,110,110,16,NA,NA,NA,9,20,4.5,14.5,4,13,4,23.66,9.91,NA,NA,3
"TMS14F1310P0015",2,3,3,NA,NA,NA,NA,NA,NA,NA,NA,NA,130,150,NA,NA,NA,NA,9,16,4,15.5,3.3,16,5,20.63,NA,NA,NA,10
"TMS14F1310P0015",2,4,2,NA,NA,NA,NA,NA,NA,NA,NA,NA,135,150,NA,NA,NA,NA,9,16,3.5,15.5,3,16,3.5,21.12,NA,NA,NA,5
"TMS14F1310P0015",2,5,2,NA,NA,NA,NA,NA,NA,NA,NA,NA,95,115,NA,NA,NA,NA,7,15,4.1,14,3.6,14,3.7,13.95,NA,NA,NA,10
"TMS14F1301P0004",2,1,2,1,3,NA,NA,NA,105,NA,NA,NA,120,140,6,NA,NA,NA,7,15.2,4,12,3,13,3.5,16.86,11.89,NA,NA,12
"TMS14F1301P0004",2,2,1,1,2,NA,NA,NA,105,NA,NA,NA,120,140,4,NA,NA,NA,7,18,3,12.5,3,13,3.5,16.3,8.13,NA,NA,12
"TMS14F1301P0004",2,3,2,1,2,NA,NA,NA,100,NA,NA,NA,120,140,5,NA,NA,NA,7,14,4,12,3,13,3.5,14.25,12.15,NA,NA,11
"TMS14F1301P0004",2,4,NA,NA,NA,NA,NA,NA,NA,NA,NA,NA,NA,NA,NA,NA,NA,NA,NA,NA,NA,NA,NA,NA,NA,NA,NA,NA,NA,NA
"TMS14F1301P0004",2,5,NA,NA,NA,NA,NA,NA,NA,NA,NA,NA,NA,NA,NA,NA,NA,NA,NA,NA,NA,NA,NA,NA,NA,NA,NA,NA,NA,NA
"TMS14F1292P0012",2,1,3,2,2,2,NA,NA,95,165,NA,NA,180,203,18,2,NA,NA,7,19.5,2,19,2,19.3,2.2,22.41,15.38,10.55,NA,10
"TMS14F1292P0012",2,2,3,2,3,2,NA,NA,70,140,NA,NA,150,175,21,2,NA,NA,9,19,2,14.5,1.5,20,2,20.74,17.16,5.59,NA,10
"TMS14F1292P0012",2,3,1,1,3,NA,NA,NA,35,NA,NA,NA,90,115,18,NA,NA,NA,7,13.5,1,12.5,1.6,12,1,17.15,10.76,NA,NA,2
"TMS14F1292P0012",2,4,1,2,2,2,NA,NA,80,140,NA,NA,150,155,20,2,NA,NA,7,19,2,15.5,2,16,2,21.31,14.7,6.3,NA,8
"TMS14F1292P0012",2,5,NA,NA,NA,NA,NA,NA,NA,NA,NA,NA,NA,NA,NA,NA,NA,NA,NA,NA,NA,NA,NA,NA,NA,NA,NA,NA,NA,NA
"TMS14F1295P0012",2,1,1,2,3,3,NA,NA,85,150,NA,NA,160,180,19,3,NA,NA,7,18,5,15,3.5,16.2,4,21.85,13.79,5.99,NA,9
"TMS14F1295P0012",2,2,1,2,3,3,NA,NA,65,135,NA,NA,165,180,20,8,NA,NA,7,13.5,3,11.5,3,12,3,21.22,17.75,9.65,NA,4
"TMS14F1295P0012",2,3,1,2,3,3,NA,NA,80,145,NA,NA,155,173,17,2,NA,NA,7,15,4,18.5,5,14,3,19.11,10.55,3.78,NA,7
"TMS14F1295P0012",2,4,1,1,3,NA,NA,NA,70,NA,NA,NA,105,125,11,NA,NA,NA,7,14,4,14,5,16,5,15.8,7.18,NA,NA,1
"TMS14F1295P0012",2,5,1,2,2,2,NA,NA,45,95,NA,NA,125,140,15,7,NA,NA,7,14,4.3,15.5,4.3,17.5,4,16.33,12.08,4.4,NA,3
"TMS14F1098P0013",2,1,2,1,2,NA,NA,NA,75,NA,NA,NA,90,120,5,NA,NA,NA,7,11,3,11.5,3.5,10,3.5,12.91,6.97,NA,NA,10
"TMS14F1098P0013",2,2,4,1,2,NA,NA,NA,95,NA,NA,NA,115,140,12,NA,NA,NA,7,12.5,3.5,11,4,10.5,4,16.22,7.2,NA,NA,NA
"TMS14F1098P0013",2,3,5,1,2,NA,NA,NA,100,NA,NA,NA,145,160,14,NA,NA,NA,7,12.5,3.5,14,4.5,11,3.5,16.77,13.85,NA,NA,NA
"TMS14F1098P0013",2,4,5,1,2,NA,NA,NA,90,NA,NA,NA,120,130,10,NA,NA,NA,7,13,4,10,3.5,13.5,4,15.2,8.95,NA,NA,NA
"TMS14F1098P0013",2,5,3,2,3,3,NA,NA,100,130,NA,NA,135,150,16,2,NA,NA,7,12,3.3,13,4,12.5,3.9,17.29,10.4,4.2,NA,8
"TMS14F1299P0007",2,1,2,2,2,2,NA,NA,60,105,NA,NA,115,125,21,2,3,NA,7,11.5,3.7,11,3.6,15.3,5,19.06,12.14,6.74,NA,9
"TMS14F1299P0007",2,2,1,2,2,2,NA,NA,75,125,NA,NA,135,150,21,3,NA,NA,7,16.4,5.3,16.2,6,19,5.4,23.49,14.2,5.8,NA,10
"TMS14F1299P0007",2,3,3,2,2,2,NA,NA,85,120,NA,NA,125,135,17,3,NA,NA,7,15.3,4.9,15.9,5.1,16,4.9,17.58,10.56,5.95,NA,8
"TMS14F1299P0007",2,4,3,NA,NA,NA,NA,NA,NA,NA,NA,NA,100,195,NA,NA,NA,NA,7,13.3,3.9,15.4,4.3,16.8,5.5,15.02,NA,NA,NA,3
"TMS14F1299P0007",2,5,1,NA,NA,NA,NA,NA,NA,NA,NA,NA,80,95,NA,NA,NA,NA,7,13.9,3.9,15.8,4,15.1,5,13.57,NA,NA,NA,11
"TMS14F1291P0003",2,1,1,1,3,NA,NA,NA,115,NA,NA,NA,150,170,13,NA,NA,NA,7,14.9,4,12.5,3.9,17.5,5.5,22.69,8.79,NA,NA,6
"TMS14F1291P0003",2,2,1,1,3,NA,NA,NA,105,NA,NA,NA,140,150,13,NA,NA,NA,7,15,4.1,15,4.1,12,4,20.91,7.67,NA,NA,5
"TMS14F1291P0003",2,3,2,1,2,NA,NA,NA,125,NA,NA,NA,150,170,11,NA,NA,NA,8,16,4,16.7,4.3,20.4,5.2,19.03,8.25,NA,NA,8
"TMS14F1291P0003",2,4,2,1,3,NA,NA,NA,105,NA,NA,NA,150,175,17,NA,NA,NA,7,18.4,5.5,19,4.9,20,6,17.39,9.01,NA,NA,NA
"TMS14F1291P0003",2,5,3,NA,NA,NA,NA,NA,NA,NA,NA,NA,125,135,NA,NA,NA,NA,7,16.9,4.6,14.7,3.9,18.7,5.4,14.65,NA,NA,NA,8
"TMS14F1196P0003",2,1,1,1,3,NA,NA,NA,90,NA,NA,NA,95,135,2,NA,NA,NA,7,13.5,3.9,13.9,4,13.4,4,15.8,4.81,NA,NA,8
"TMS14F1196P0003",2,2,1,2,3,4,NA,NA,80,140,NA,NA,145,155,19,2,NA,NA,7,14.5,5.3,15.3,4.9,13.2,4.2,19.94,11.9,3.97,NA,6
"TMS14F1196P0003",2,3,1,1,3,NA,NA,NA,110,NA,NA,NA,120,145,2,NA,NA,NA,7,15.3,3.9,12.3,3.8,17.3,5.1,18.61,4.06,NA,NA,7
"TMS14F1196P0003",2,4,2,1,3,NA,NA,NA,105,NA,NA,NA,125,145,11,NA,NA,NA,7,15.3,4.2,17.3,5,16,4.8,16.35,7.35,NA,NA,3
"TMS14F1196P0003",2,5,2,1,3,NA,NA,NA,105,NA,NA,NA,120,145,3,NA,NA,NA,7,13.5,4,14,4,17.3,5,17.21,6.03,NA,NA,8
"TMS14F1014P0017",2,1,1,2,3,3,NA,NA,50,125,NA,NA,160,175,26,10,NA,NA,7,15.6,4.9,13.1,3.9,14,4,29.66,16.16,6.31,NA,5
"TMS14F1014P0017",2,2,1,1,3,NA,NA,NA,95,NA,NA,NA,140,160,15,NA,NA,NA,8,13.8,4.1,15.2,4.2,16.3,5,18.2,11.55,NA,NA,3
"TMS14F1014P0017",2,3,2,1,2,NA,NA,NA,85,NA,NA,NA,120,145,9,NA,NA,NA,7,10.6,3.2,10.7,3.9,12.3,3.8,17.53,9.17,NA,NA,4
"TMS14F1014P0017",2,4,2,2,3,3,3,3,45,130,NA,NA,135,115,22,2,NA,NA,7,11.7,2.9,15,5,10.3,3.3,22.07,13.95,4.01,NA,7
"TMS14F1014P0017",2,5,2,2,NA,NA,NA,NA,45,135,NA,NA,160,175,25,7,NA,NA,8,13.2,3.2,14,3.5,15.3,4.9,24.65,18.39,8.19,NA,6
"TMS14F1013P0007",2,1,2,1,2,NA,NA,NA,75,NA,NA,NA,110,115,13,NA,NA,NA,7,11.5,4,11,4,13,4.9,16.67,10.8,NA,NA,NA
"TMS14F1013P0007",2,2,2,1,2,NA,NA,NA,65,NA,NA,NA,105,120,11,NA,NA,NA,7,12,4,10.6,3.9,9.6,3.1,13.62,7.06,NA,NA,NA
"TMS14F1013P0007",2,3,2,2,2,2,NA,NA,55,NA,NA,NA,110,120,11,4,NA,NA,8,13,4.2,10.5,3.4,11.2,3.9,13.64,9.01,4.06,NA,1
"TMS14F1013P0007",2,4,1,2,2,3,NA,NA,70,120,NA,NA,135,145,16,4,NA,NA,7,12.2,4.1,15.2,4.9,13.5,4.5,19.02,12.14,4.02,NA,3
"TMS14F1013P0007",2,5,2,1,2,NA,NA,NA,110,NA,NA,NA,120,130,1,NA,NA,NA,7,12.3,3.9,12.6,3.7,10.5,3.4,13.5,4.79,NA,NA,3
"TMS14F1285P0006",2,1,2,1,2,NA,NA,NA,75,NA,NA,NA,115,120,21,NA,NA,NA,7,15,4,14.5,3.9,14.5,3.6,17.85,10.82,NA,NA,1
"TMS14F1285P0006",2,2,1,1,2,NA,NA,NA,70,NA,NA,NA,115,130,24,NA,NA,NA,7,14.3,3.5,13.2,3.5,15.5,3.9,18.56,9.92,NA,NA,1
"TMS14F1285P0006",2,3,1,1,2,NA,NA,NA,85,NA,NA,NA,110,125,11,NA,NA,NA,7,15,4,17,4.1,16.5,4.2,17.36,7.09,NA,NA,5
"TMS14F1285P0006",2,4,1,2,2,2,NA,NA,75,120,NA,NA,125,145,22,3,NA,NA,7,16.6,4,16,4,15.8,4.1,19.8,11.81,4.41,NA,8
"TMS14F1285P0006",2,5,NA,NA,NA,NA,NA,NA,NA,NA,NA,NA,NA,NA,NA,NA,NA,NA,NA,NA,NA,NA,NA,NA,NA,NA,NA,NA,NA,NA
"TMS13F1376P0018",2,1,2,1,2,NA,NA,NA,145,NA,NA,NA,155,160,4,NA,NA,NA,7,19.3,5.8,19,6,19.3,5.4,14.94,5.69,NA,NA,8
"TMS13F1376P0018",2,2,1,1,2,NA,NA,NA,135,NA,NA,NA,170,175,16,NA,NA,NA,7,20,6,20.5,6.4,15.8,4.9,20.26,8.32,NA,NA,5
"TMS13F1376P0018",2,3,2,NA,2,NA,NA,NA,NA,NA,NA,NA,120,125,NA,NA,NA,NA,7,13.6,3.9,15.8,5,16.7,5.9,15.12,NA,NA,NA,7
"TMS13F1376P0018",2,4,1,1,3,NA,NA,NA,145,NA,NA,NA,170,175,12,NA,NA,NA,7,21,7,21.2,6.2,19.2,6.1,19.78,8.16,NA,NA,7
"TMS13F1376P0018",2,5,3,1,2,NA,NA,NA,140,NA,NA,NA,145,155,3,NA,NA,NA,7,18.5,5.4,18.7,4.9,18.5,5.9,16.42,5.38,NA,NA,6
"TMS14F1301P0013",2,1,1,1,3,NA,NA,NA,80,NA,NA,NA,120,125,14,NA,NA,NA,8,10.5,3.6,11.5,3.9,11.2,3.5,21.2,8.28,NA,NA,8
"TMS14F1301P0013",2,2,2,1,2,NA,NA,NA,80,NA,NA,NA,120,125,18,NA,NA,NA,8,12.1,4,12.5,4,11.9,3.9,23.56,11.64,NA,NA,6
"TMS14F1301P0013",2,3,1,1,3,NA,NA,NA,45,NA,NA,NA,115,125,12,NA,NA,NA,8,12.2,4,11,4,13.3,4.1,11.3,12.17,NA,NA,8
"TMS14F1301P0013",2,4,1,1,3,NA,NA,NA,75,NA,NA,NA,115,125,20,NA,NA,NA,9,12.3,3.6,11.5,3.5,12.2,4,20.6,13.42,NA,NA,4
"TMS14F1301P0013",2,5,2,1,2,NA,NA,NA,85,NA,NA,NA,110,130,13,NA,NA,NA,9,12.5,4.1,11,3.8,10.91,4,18.65,13.98,NA,NA,11
"TMS14F1195P0004",2,1,3,2,2,3,NA,NA,40,110,NA,NA,125,155,20,3,NA,NA,7,10.4,3.3,12.6,3.8,15.2,5.1,18.38,13.56,5.43,NA,9
"TMS14F1195P0004",2,2,2,1,3,NA,NA,NA,105,NA,NA,NA,130,155,7,NA,NA,NA,7,12.2,3.5,14.5,4.5,11.8,3.2,17.81,7.36,NA,NA,6
"TMS14F1195P0004",2,3,1,2,3,3,NA,NA,45,125,NA,NA,135,154,21,3,NA,NA,7,13.7,4.4,13.5,4.5,13.5,3.9,23.23,14.97,5.62,NA,8
"TMS14F1195P0004",2,4,1,2,2,2,NA,NA,50,120,NA,NA,125,145,19,2,NA,NA,7,11.2,3.2,13,3.9,13.4,3.3,18.03,11.52,4.03,NA,6
"TMS14F1195P0004",2,5,1,2,2,3,NA,NA,35,105,NA,NA,110,135,19,3,NA,NA,7,11.8,4.1,11.5,3.6,11.4,3.6,14.38,10.54,4.72,NA,7
"TMS13F1400P0001",2,1,3,2,3,3,NA,NA,100,160,NA,NA,175,183,22,3,NA,NA,7,14.5,4.3,15,3.5,12.5,3,17.53,12.05,4.59,NA,4
"TMS13F1400P0001",2,2,4,2,2,3,NA,NA,85,145,NA,NA,155,155,16,3,NA,NA,6,18,4.5,12.5,3.5,15,4,12.6,8.09,0.94,NA,5
"TMS13F1400P0001",2,3,2,2,3,3,NA,NA,65,150,NA,NA,170,180,19,8,NA,NA,7,18,5,15,4,13.5,4,22.09,13.85,5.79,NA,1
"TMS13F1400P0001",2,4,1,1,2,NA,NA,NA,85,NA,NA,NA,115,130,19,NA,NA,NA,7,13,4,11.5,3,10.5,3.3,13.3,6.74,NA,NA,3
"TMS13F1400P0001",2,5,1,2,3,2,NA,NA,70,115,NA,NA,130,135,13,5,NA,NA,6,13,3.5,12,3.6,12,3,16.42,8.47,4.88,NA,1
"TMS13F1126P0003",2,1,2,3,2,3,NA,NA,20,75,140,NA,145,155,28,21,2,NA,7,14.5,4.5,14.5,4,13,3.5,21.91,21.52,11.5,3.47,6
"TMS13F1126P0003",2,2,2,1,3,NA,NA,NA,100,NA,NA,NA,125,135,6,NA,NA,NA,7,19,5,14.5,4,16,4.5,15.65,7.64,NA,NA,6
"TMS13F1126P0003",2,3,2,2,2,3,NA,NA,75,80,NA,NA,130,135,2,15,NA,NA,7,13,3.5,11,3,11,3,17.4,14.8,7.68,NA,NA
"TMS13F1126P0003",2,4,2,1,3,NA,NA,NA,80,NA,NA,NA,120,140,12,NA,NA,NA,7,14.5,4.3,12,3.5,12.3,3.3,16.45,7.61,NA,NA,1
"TMS13F1126P0003",2,5,NA,NA,NA,NA,NA,NA,NA,NA,NA,NA,NA,NA,NA,NA,NA,NA,NA,NA,NA,NA,NA,NA,NA,NA,NA,NA,NA,NA
"TMS14F1288P0008",2,1,1,2,2,3,NA,NA,75,142,NA,NA,155,185,17,2,NA,NA,7,14.5,4.5,14.7,4.5,15,5,16.64,13.74,4.75,NA,8
"TMS14F1288P0008",2,2,2,1,3,NA,NA,NA,100,NA,NA,NA,160,185,21,NA,NA,NA,7,12,5,16,4,11.7,4.5,19.01,10.82,NA,NA,NA
"TMS14F1288P0008",2,3,3,1,3,NA,NA,NA,120,NA,NA,NA,180,200,NA,15,NA,NA,7,12,3,9.5,2.5,10,4.5,18.96,10.42,NA,NA,2
"TMS14F1288P0008",2,4,1,4,3,1,1,4,120,160,170,205,230,235,12,12,8,NA,7,10,4,9.5,4.5,12.5,4.5,22.67,17.89,16.76,15.88,7
"TMS14F1288P0008",2,5,2,NA,NA,NA,NA,NA,NA,NA,NA,NA,160,195,NA,NA,NA,NA,9,11.5,5,12.5,4.8,12.6,5,15.88,NA,NA,NA,5
"TMS14F1300P0002",2,1,3,NA,NA,NA,NA,NA,NA,NA,NA,NA,75,125,NA,NA,NA,NA,7,13,4.5,13.5,4,15,5,11.19,NA,NA,NA,13
"TMS14F1300P0002",2,2,2,1,2,NA,NA,NA,90,NA,NA,NA,105,135,5,NA,NA,NA,7,13,3.5,17,6,15,5,12.75,7.6,NA,NA,10
"TMS14F1300P0002",2,3,2,1,3,NA,NA,NA,105,NA,NA,NA,140,170,13,NA,NA,NA,7,15.5,5,16,6,17,5,19.95,12.83,NA,NA,1
"TMS14F1300P0002",2,4,4,1,3,NA,NA,NA,120,NA,NA,NA,140,155,8,NA,NA,NA,7,16,5.5,14,4.5,16,5.5,16.53,8.28,NA,NA,10
"TMS14F1300P0002",2,5,1,2,2,NA,NA,NA,125,NA,NA,NA,145,160,NA,NA,7,NA,7,19.5,6.5,16.5,6,19,7,19.67,11.92,NA,NA,13
"IITA-TMS-IBA000070",2,1,3,1,2,NA,NA,NA,100,NA,NA,NA,135,140,15,NA,NA,NA,9,15,4.5,13,4,13.5,4.5,20.13,11.57,NA,NA,7
"IITA-TMS-IBA000070",2,2,3,1,4,2,NA,NA,110,NA,NA,NA,135,170,11,NA,NA,NA,7,15,4.3,14,5,14.8,5,20.43,10.81,NA,NA,10
"IITA-TMS-IBA000070",2,3,1,1,2,NA,NA,NA,85,NA,NA,NA,125,150,16,NA,NA,NA,9,15.5,5.5,14,4,15,5,21.37,11.47,NA,NA,9
"IITA-TMS-IBA000070",2,4,NA,NA,NA,NA,NA,NA,NA,NA,NA,NA,NA,NA,NA,NA,NA,NA,NA,NA,NA,NA,NA,NA,NA,NA,NA,NA,NA,NA
"IITA-TMS-IBA000070",2,5,NA,NA,NA,NA,NA,NA,NA,NA,NA,NA,NA,NA,NA,NA,NA,NA,NA,NA,NA,NA,NA,NA,NA,NA,NA,NA,NA,NA
"IITA-TMS-IBA982101",2,1,3,1,2,NA,NA,NA,100,NA,NA,NA,125,140,10,NA,NA,NA,7,14,3.5,12.5,3,13.8,3.5,15.06,7.11,NA,NA,4
"IITA-TMS-IBA982101",2,2,3,1,2,NA,NA,NA,95,NA,NA,NA,145,155,20,7,NA,NA,7,20,5,14.5,3.5,13.8,2.5,18.7,10.67,NA,NA,7
"IITA-TMS-IBA982101",2,3,1,1,2,NA,NA,NA,100,NA,NA,NA,125,135,11,NA,NA,NA,7,13,3,13.5,3.5,15,3.5,17.44,7.1,NA,NA,5
"IITA-TMS-IBA982101",2,4,1,2,2,3,NA,NA,75,125,NA,NA,145,165,28,8,NA,NA,7,18,5,14.5,3.5,15,3.7,NA,NA,NA,NA,10
"IITA-TMS-IBA982101",2,5,NA,NA,NA,NA,NA,NA,NA,NA,NA,NA,NA,NA,NA,NA,NA,NA,NA,NA,NA,NA,NA,NA,7.4,21.63,14.68,10.68,NA,NA
"TMS14F1306P0008",2,1,1,1,2,NA,NA,NA,95,NA,NA,NA,165,195,28,NA,NA,NA,9,17,4.5,20,4.5,18,5,23.14,15.24,NA,NA,NA
"TMS14F1306P0008",2,2,2,1,3,NA,NA,NA,95,NA,NA,NA,145,180,19,NA,NA,NA,7,13,4,14,3.5,15,4,19.61,11.24,NA,NA,6
"TMS14F1306P0008",2,3,3,1,2,NA,NA,NA,120,NA,NA,NA,145,170,9,NA,NA,NA,9,15,5,14,3,15.5,4,16.59,9.35,NA,NA,12
"TMS14F1306P0008",2,4,4,NA,NA,NA,NA,NA,155,NA,NA,NA,155,175,NA,NA,NA,NA,9,15.5,4.5,16,4,15.5,4,16.72,NA,NA,NA,12
"TMS14F1306P0008",2,5,1,NA,NA,NA,NA,NA,NA,NA,NA,NA,140,160,NA,NA,NA,NA,9,15,4,14.5,4,16,4.5,15.02,NA,NA,NA,12
"TMS13F1049P0001",2,1,2,1,3,NA,NA,NA,95,NA,NA,NA,120,140,10,NA,NA,NA,7,12,2.5,11,2,13,2,13.33,7.61,NA,NA,8
"TMS13F1049P0001",2,2,1,2,3,3,NA,NA,75,135,NA,NA,150,165,22,3,NA,NA,7,20,3,15.5,2.5,14,2.3,22.26,13.6,33.28,NA,7
"TMS13F1049P0001",2,3,1,2,3,3,NA,NA,70,140,NA,NA,155,180,22,3,NA,NA,7,17,3.5,16,4,17,3,22.46,15.39,6.16,NA,9
"TMS13F1049P0001",2,4,1,2,2,3,NA,NA,15,110,NA,NA,125,145,17,4,NA,NA,7,15,2.5,15,2,13.5,2.2,17.27,11.33,3.95,NA,5
"TMS13F1049P0001",2,5,NA,NA,NA,NA,NA,NA,NA,NA,NA,NA,NA,NA,NA,NA,NA,NA,NA,NA,NA,NA,NA,NA,NA,NA,NA,NA,NA,NA
"TMS14F1019P0015",2,1,1,2,3,2,NA,NA,85,135,NA,NA,150,155,18,5,NA,NA,7,16,5.6,13,4.2,17,3,21.62,13.49,7.07,NA,5
"TMS14F1019P0015",2,2,3,2,2,2,NA,NA,90,140,NA,NA,155,175,18,4,NA,NA,7,15,5,14.5,5.3,14,4,18.77,12.82,6.36,NA,4
"TMS14F1019P0015",2,3,2,1,2,2,NA,NA,85,135,NA,NA,150,170,16,4,NA,NA,7,15.5,6,17,5.5,17.5,6.5,19.49,13.24,6.27,NA,6
"TMS14F1019P0015",2,4,2,1,2,NA,NA,NA,90,NA,NA,NA,125,145,8,NA,NA,NA,7,14,4.5,11,3.5,12.5,4,17,8.29,NA,2,2
"TMS14F1019P0015",2,5,2,2,2,2,NA,NA,65,115,NA,NA,140,155,17,4,NA,NA,7,16,5,14.5,4.5,14.5,4.7,17.4,13.46,7.52,NA,2
"TMEB419",2,1,1,NA,NA,NA,NA,NA,NA,NA,NA,NA,180,215,NA,NA,NA,NA,7,20.5,5,19,4,19,5.5,21.06,NA,NA,NA,14
"TMEB419",2,2,3,NA,NA,NA,NA,NA,NA,NA,NA,NA,190,220,NA,NA,NA,NA,7,17,4.5,19.5,5.3,19.5,5,21.26,NA,NA,NA,15
"TMEB419",2,3,4,NA,8,NA,NA,NA,NA,NA,NA,NA,180,210,NA,NA,NA,NA,7,19,5.5,17,5.5,18,5,19.94,NA,NA,NA,15
"TMEB419",2,4,3,NA,NA,NA,NA,NA,NA,NA,NA,NA,150,185,NA,NA,NA,NA,7,16,4.8,16,4.5,16.5,4,20.75,NA,NA,NA,13
"TMEB419",2,5,1,NA,NA,NA,NA,NA,NA,NA,NA,NA,140,175,NA,NA,NA,NA,7,16.5,4.5,17.5,4.5,17.3,4.3,13.08,NA,NA,NA,12
"TMS14F1278P0003",2,1,1,3,2,3,2,NA,35,70,NA,NA,115,145,20,16,3,NA,7,17.5,5,15,4.5,14.5,4.5,26.65,18.95,13.98,6.47,9
"TMS14F1278P0003",2,2,2,2,2,2,NA,NA,45,95,NA,NA,130,160,16,8,NA,NA,7,15,4,17.3,5,12,3.5,19.22,15.22,7.54,NA,1
"TMS14F1278P0003",2,3,1,2,2,3,NA,NA,35,75,NA,NA,105,125,16,12,NA,NA,6,16.5,4.5,16,4.5,14,4,21.93,17.03,9.69,NA,NA
"TMS14F1278P0003",2,4,1,1,3,NA,NA,NA,65,NA,NA,NA,120,145,18,NA,NA,NA,7,16,4,16.5,4.5,16,4.8,21.6,11.52,NA,NA,7
"TMS14F1278P0003",2,5,1,2,5,3,NA,NA,70,125,NA,NA,130,160,19,3,NA,NA,7,17.5,5,15.5,4,16.5,4.8,28.3,13.14,4.93,NA,7
"IITA-TMS-IBA980581",2,1,3,1,3,NA,NA,NA,180,NA,NA,NA,190,205,2,NA,NA,NA,9,18,6,17.5,6,16.5,6,21.14,8.83,NA,NA,10
"IITA-TMS-IBA980581",2,2,4,NA,NA,NA,NA,NA,NA,NA,NA,NA,195,210,NA,NA,NA,NA,7,15,5,15.5,5.8,15,5,16.54,NA,NA,NA,11
"IITA-TMS-IBA980581",2,3,3,NA,NA,NA,NA,NA,NA,NA,NA,NA,195,215,NA,NA,NA,NA,7,16,4.5,13.5,5,15.5,5.3,21.33,NA,NA,NA,15
"IITA-TMS-IBA980581",2,4,2,1,3,NA,NA,NA,140,NA,NA,NA,175,167,7,NA,NA,NA,7,15.5,5.5,14.5,5,13,4,23.31,12.35,NA,NA,8
"IITA-TMS-IBA980581",2,5,4,NA,NA,NA,NA,NA,NA,NA,NA,NA,145,175,NA,NA,NA,NA,7,17,6,16.5,6,17.2,6,19.46,NA,NA,NA,12
"TMS14F1159P0003",2,1,2,1,2,NA,NA,NA,60,NA,NA,NA,100,115,13,NA,NA,NA,7,12,4,13.5,4,12.5,3.5,15.55,10.37,NA,NA,1
"TMS14F1159P0003",2,2,1,2,2,2,NA,NA,50,95,NA,NA,110,125,20,4,NA,NA,6,13.5,4,13,3.5,12,3,22.87,13.97,6.77,NA,4
"TMS14F1159P0003",2,3,2,1,2,NA,NA,NA,60,NA,NA,NA,100,120,14,NA,NA,NA,6,14.5,4,12,4,13,3.6,17.55,10.56,NA,NA,NA
"TMS14F1159P0003",2,4,1,2,2,2,NA,NA,50,95,NA,NA,110,135,18,4,NA,NA,6,11.5,3.5,11.5,4,12.5,4,19.62,13.21,6.2,NA,5
"TMS14F1159P0003",2,5,2,2,2,2,NA,NA,50,90,NA,NA,115,125,18,7,NA,NA,6,14,4,12,3.6,12,3.5,20.81,13.13,6.85,NA,3
"TMS14F1022P0003",2,1,2,2,2,3,NA,NA,35,100,NA,NA,120,130,16,6,NA,NA,6,14.5,4,13.5,4,12.5,5,20.02,12.56,7.22,NA,2
"TMS14F1022P0003",2,2,1,2,2,3,NA,NA,35,110,NA,NA,130,140,18,5,NA,NA,7,11,3,15,4.5,11.5,3,20.53,18.22,5.25,NA,5
"TMS14F1022P0003",2,3,1,2,2,3,NA,NA,40,120,NA,NA,140,165,14,6,NA,NA,6,13,4,12,3.5,11.5,3.5,15.68,14.17,6.71,NA,3
"TMS14F1022P0003",2,4,NA,NA,NA,NA,NA,NA,NA,NA,NA,NA,NA,NA,NA,NA,NA,NA,NA,NA,NA,NA,NA,NA,NA,NA,NA,NA,NA,NA
"TMS14F1022P0003",2,5,NA,NA,NA,NA,NA,NA,NA,NA,NA,NA,NA,NA,NA,NA,NA,NA,NA,NA,NA,NA,NA,NA,NA,NA,NA,NA,NA,NA
"IITA-TMS-IBA30572",2,1,3,1,3,NA,NA,NA,95,NA,NA,NA,150,150,20,NA,NA,NA,7,13.5,3.5,13,4,14.5,4,20.6,10.26,NA,NA,NA
"IITA-TMS-IBA30572",2,2,2,1,3,NA,NA,NA,80,NA,NA,NA,110,135,11,NA,NA,NA,7,13.5,3.5,13.5,4,13.6,3.6,16.15,7.29,NA,NA,4
"IITA-TMS-IBA30572",2,3,2,1,3,NA,NA,NA,95,NA,NA,NA,125,150,12,NA,NA,NA,7,12,3.5,12.5,3.5,13.7,4.3,18.01,7.96,NA,NA,7
"IITA-TMS-IBA30572",2,4,3,2,2,2,NA,NA,65,115,NA,NA,125,135,23,2,NA,NA,7,11.5,3.8,10.5,3,12,3.5,17.93,11.33,4.92,NA,7
"IITA-TMS-IBA30572",2,5,NA,NA,NA,NA,NA,NA,NA,NA,NA,NA,NA,NA,NA,NA,NA,NA,NA,NA,NA,NA,NA,NA,NA,NA,NA,NA,NA,NA
"TMS13F1304P0003",2,1,2,1,2,NA,NA,NA,120,NA,NA,NA,135,160,2,NA,NA,NA,9,14.5,4.5,15,5,14.5,5,18.32,6.65,NA,NA,8
"TMS13F1304P0003",2,2,2,1,2,NA,NA,NA,95,NA,NA,NA,100,125,NA,NA,NA,NA,7,12.5,4,13,4.5,13.5,4.6,15.95,5.39,NA,NA,8
"TMS13F1304P0003",2,3,1,1,3,NA,NA,NA,125,NA,NA,NA,170,180,8,NA,NA,NA,9,15,5,14.5,4.5,13,4.3,20.87,8.26,NA,NA,5
"TMS13F1304P0003",2,4,1,1,2,NA,NA,NA,125,NA,NA,NA,160,185,8,NA,NA,NA,9,14.5,4.5,15.5,4.5,14,5,20.63,9.46,NA,NA,7
"TMS13F1304P0003",2,5,2,NA,NA,NA,NA,NA,NA,NA,NA,NA,100,130,NA,NA,NA,NA,7,14,4.5,14.5,4.5,13,3.5,15.72,NA,NA,NA,10
